Bar,Date,Time,Open,High,Low,Close,CCI(20C),%K(141),%D(3)
1,11/12/07,09:30,145475,145550,145025,145050,,,
2,11/12/07,09:35,145050,145775,145050,145725,,,
3,11/12/07,09:40,145700,146050,145600,145850,,,
4,11/12/07,09:45,145875,146250,145800,146075,,,
5,11/12/07,09:50,146075,146200,145825,146025,,,
6,11/12/07,09:55,146025,146150,145825,145900,,,
7,11/12/07,10:00,145900,145950,145500,145600,,,
8,11/12/07,10:05,145625,145750,145300,145350,,,
9,11/12/07,10:10,145325,145675,145275,145300,,,
10,11/12/07,10:15,145300,145750,145275,145675,,,
11,11/12/07,10:20,145675,145975,145500,145925,,,
12,11/12/07,10:25,145900,146025,145750,145900,,,
13,11/12/07,10:30,145900,146150,145800,145900,,,
14,11/12/07,10:35,145900,146025,145750,145950,,,
15,11/12/07,10:40,145950,146450,145950,146350,,92.85,
16,11/12/07,10:45,146350,146450,146200,146225,,80.85,
17,11/12/07,10:50,146200,146325,146125,146150,,74.46,82.72
18,11/12/07,10:55,146150,146425,146125,146350,,91.48,82.26
19,11/12/07,11:00,146350,146600,146225,146450,,88.67,84.87
20,11/12/07,11:05,146450,146775,146425,146650,,91.66,90.61
21,11/12/07,11:10,146650,146850,146625,146700,,90.47,90.27
22,11/12/07,11:15,146700,146750,146475,146525,,79.36,87.16
23,11/12/07,11:20,146550,146575,146450,146525,,79.36,83.06
24,11/12/07,11:25,146500,146775,146500,146750,,92.59,83.77
25,11/12/07,11:30,146725,146800,146500,146625,,79.54,83.83
26,11/12/07,11:35,146600,146625,146325,146475,,65.9,79.34
27,11/12/07,11:40,146475,146525,146300,146425,,61.36,68.93
28,11/12/07,11:45,146425,146475,146275,146300,,38.88,55.38
29,11/12/07,11:50,146325,146325,146050,146100,,6.25,35.5
30,11/12/07,11:55,146100,146225,146025,146175,,18.18,21.1
31,11/12/07,12:00,146175,146400,146150,146375,,42.42,22.28
32,11/12/07,12:05,146375,146450,146225,146375,,42.42,34.34
33,11/12/07,12:10,146375,146400,146225,146275,,30.3,38.38
34,11/12/07,12:15,146275,146500,146175,146425,,48.48,40.4
35,11/12/07,12:20,146425,146725,146400,146600,,74.19,50.99
36,11/12/07,12:25,146575,146650,146450,146600,,74.19,65.62
37,11/12/07,12:30,146625,146800,146600,146775,,96.77,81.72
38,11/12/07,12:35,146775,146925,146700,146750,,80.55,83.84
39,11/12/07,12:40,146750,146825,146675,146675,,72.22,83.18
40,11/12/07,12:45,146675,146725,146525,146575,,61.11,71.29
41,11/12/07,12:50,146550,146600,146325,146450,,47.22,60.18
42,11/12/07,12:55,146450,146475,146250,146325,,33.33,47.22
43,11/12/07,13:00,146325,146400,146175,146375,,38.88,39.81
44,11/12/07,13:05,146350,146375,146125,146150,,3.12,25.11
45,11/12/07,13:10,146150,146275,146050,146225,,20,20.67
46,11/12/07,13:15,146225,146300,146025,146300,,30.55,17.89
47,11/12/07,13:20,146275,146425,146200,146400,,41.66,30.74
48,11/12/07,13:25,146400,146500,146350,146425,,44.44,38.88
49,11/12/07,13:30,146425,146450,146250,146300,,30.55,38.88
50,11/12/07,13:35,146300,146300,145750,145775,,2.12,25.7
51,11/12/07,13:40,145775,145850,145575,145800,,16.66,16.44
52,11/12/07,13:45,145800,145850,145625,145800,,18,12.26
53,11/12/07,13:50,145800,145825,145450,145550,,7.84,14.16
54,11/12/07,13:55,145575,145825,145500,145675,,19.56,15.13
55,11/12/07,14:00,145700,145850,145650,145825,,35.71,21.04
56,11/12/07,14:05,145825,145875,145650,145725,,26.19,27.15
57,11/12/07,14:10,145725,145725,145525,145550,,9.52,23.8
58,11/12/07,14:15,145575,145700,145325,145550,-102.37,19.14,18.28
59,11/12/07,14:20,145550,145875,145525,145725,-61.06,34.04,20.9
60,11/12/07,14:25,145725,145975,145425,145825,-35.37,42.55,31.91
61,11/12/07,14:30,145800,146150,145800,146125,35.54,68.08,48.22
62,11/12/07,14:35,146150,146275,146050,146150,44.84,73.33,61.32
63,11/12/07,14:40,146150,146475,146150,146225,66.54,78.26,73.22
64,11/12/07,14:45,146225,146375,146125,146125,42.42,69.56,73.71
65,11/12/07,14:50,146125,146250,146000,146000,14.93,58.69,68.84
66,11/12/07,14:55,146000,146150,145975,146050,32.92,63.04,63.76
67,11/12/07,15:00,146075,146075,145575,145750,-44.29,36.95,52.89
68,11/12/07,15:05,145750,145850,145450,145825,-14.89,43.47,47.82
69,11/12/07,15:10,145800,145950,145650,145850,2.07,45.65,42.02
70,11/12/07,15:15,145850,145850,145550,145675,-66.86,30.43,39.85
71,11/12/07,15:20,145675,145775,145400,145525,-115.33,17.39,31.15
72,11/12/07,15:25,145500,145650,145075,145100,-220.75,1.78,16.53
73,11/12/07,15:30,145100,145525,145075,145425,-111.62,25,14.72
74,11/12/07,15:35,145425,145475,145225,145325,-126.88,17.85,14.88
75,11/12/07,15:40,145325,145350,144925,144950,-191.75,1.61,14.82
76,11/12/07,15:45,144950,145000,144375,144400,-244.05,1.19,6.88
77,11/12/07,15:50,144400,144550,144200,144475,-184.43,12.64,5.14
78,11/12/07,15:55,144500,144575,144225,144250,-176.78,2.43,5.42
79,11/13/07,09:30,145525,145625,145475,145600,9.35,71.79,28.95
80,11/13/07,09:35,145575,146125,145575,146100,75.03,98.7,57.64
81,11/13/07,09:40,146125,146300,145950,146000,62.97,85.71,85.4
82,11/13/07,09:45,146000,146000,145850,145975,61.63,84.52,89.64
83,11/13/07,09:50,145975,145975,145625,145775,38.28,75,81.74
84,11/13/07,09:55,145775,145900,145650,145875,55.5,79.76,79.76
85,11/13/07,10:00,145875,146125,145750,146000,73.82,85.71,80.15
86,11/13/07,10:05,145975,146250,145900,146125,91.07,91.66,85.71
87,11/13/07,10:10,146100,146325,146000,146275,104.86,97.64,91.67
88,11/13/07,10:15,146275,146275,145900,146000,64.18,84.7,91.33
89,11/13/07,10:20,146000,146075,145875,146050,68.56,87.05,89.8
90,11/13/07,10:25,146025,146225,145975,146225,84.79,95.29,89.01
91,11/13/07,10:30,146200,146225,145800,145825,30.52,76.19,86.18
92,11/13/07,10:35,145825,145875,145700,145750,17.63,32.35,67.94
93,11/13/07,10:40,145725,145875,145675,145875,31.92,40,49.51
94,11/13/07,10:45,145850,145950,145725,145750,12.38,17.85,30.07
95,11/13/07,10:50,145725,146100,145625,146000,45.69,53.57,37.14
96,11/13/07,10:55,146000,146025,145750,145825,8,28.57,33.33
97,11/13/07,11:00,145825,146050,145750,146050,53.52,60.71,47.61
98,11/13/07,11:05,146025,146150,146000,146075,56.55,64.28,51.19
99,11/13/07,11:10,146050,146100,145825,145925,-27.31,42.85,55.95
100,11/13/07,11:15,145925,146100,145850,145975,4.38,50,52.38
101,11/13/07,11:20,145975,146200,145925,146175,109.27,84.61,59.15
102,11/13/07,11:25,146175,146425,146125,146375,181.49,93.75,76.12
103,11/13/07,11:30,146375,146475,146300,146400,165.28,91.17,89.84
104,11/13/07,11:35,146400,146625,146375,146450,159.09,82.5,89.14
105,11/13/07,11:40,146475,146475,146350,146375,111.11,75,82.89
106,11/13/07,11:45,146375,146425,146150,146250,60,62.5,73.33
107,11/13/07,11:50,146250,146325,146125,146175,36.27,55,64.16
108,11/13/07,11:55,146175,146250,146075,146175,32.69,55,57.5
109,11/13/07,12:00,146175,146250,146100,146225,46.35,54.28,54.76
110,11/13/07,12:05,146225,146350,146150,146300,70.12,62.85,57.38
111,11/13/07,12:10,146325,146350,146125,146125,4.66,37.5,51.54
112,11/13/07,12:15,146125,146250,146075,146175,17.14,43.75,48.03
113,11/13/07,12:20,146175,146250,146125,146225,33.1,48.38,43.21
114,11/13/07,12:25,146225,146300,146125,146200,14.09,39.28,43.8
115,11/13/07,12:30,146225,146225,146050,146075,-56.82,4.34,30.67
116,11/13/07,12:35,146075,146250,146050,146225,17.46,30.43,24.68
117,11/13/07,12:40,146225,146375,146225,146300,58.53,43.47,26.08
118,11/13/07,12:45,146325,146325,146175,146200,-11.25,35.29,36.4
119,11/13/07,12:50,146200,146250,146100,146250,13.88,53.33,44.03
120,11/13/07,12:55,146250,146250,145975,146125,-98.29,37.5,42.04
121,11/13/07,13:00,146125,146125,146000,146025,-164.68,12.5,34.44
122,11/13/07,13:05,146000,146050,145900,146025,-149.01,26.31,25.43
123,11/13/07,13:10,146025,146075,145950,146050,-118.83,31.57,23.46
124,11/13/07,13:15,146050,146225,146025,146125,-50.84,47.36,35.08
125,11/13/07,13:20,146125,146400,146100,146300,116.66,80,52.98
126,11/13/07,13:25,146300,146450,146250,146350,148.88,81.81,69.72
127,11/13/07,13:30,146350,146475,146350,146475,210.82,100,87.27
128,11/13/07,13:35,146450,146550,146350,146500,188.47,92.3,91.37
129,11/13/07,13:40,146500,146875,146475,146800,278.4,92.3,94.87
130,11/13/07,13:45,146800,146875,146700,146725,191.73,84.61,89.74
131,11/13/07,13:50,146725,146975,146725,146825,186.11,86.04,87.65
132,11/13/07,13:55,146825,146875,146725,146750,132.08,79.06,83.24
133,11/13/07,14:00,146750,146800,146650,146775,118.39,81.39,82.17
134,11/13/07,14:05,146775,146825,146700,146750,96.45,79.06,79.84
135,11/13/07,14:10,146725,147050,146725,146900,118.19,86.95,82.47
136,11/13/07,14:15,146875,147125,146850,147025,129.58,91.48,85.83
137,11/13/07,14:20,147025,147150,146925,147025,113.82,88.88,89.11
138,11/13/07,14:25,147025,147125,146900,146925,82.6,78.57,86.31
139,11/13/07,14:30,146950,147050,146875,147000,89.11,83.33,83.59
140,11/13/07,14:35,147000,147225,146975,147075,96.95,82.85,81.58
141,11/13/07,14:40,147075,147150,147025,147075,92.52,82.85,83.01
142,11/13/07,14:45,147075,147350,147050,147325,147.69,97.14,87.61
143,11/13/07,14:50,147350,147400,147275,147325,140.74,90,89
144,11/13/07,14:55,147325,147350,147175,147300,123.8,86.66,91.26
145,11/13/07,15:00,147300,147725,147300,147700,207.59,97.67,91.44
146,11/13/07,15:05,147700,147850,147625,147700,182.43,87.5,90.61
147,11/13/07,15:10,147700,147925,147675,147775,171.48,87.75,90.97
148,11/13/07,15:15,147775,147875,147675,147750,139.01,85.41,86.89
149,11/13/07,15:20,147750,147800,147700,147725,114.38,81.39,84.85
150,11/13/07,15:25,147725,147900,147675,147850,122.12,92.85,86.55
151,11/13/07,15:30,147850,148000,147775,147950,124.88,95.55,89.93
152,11/13/07,15:35,147950,148000,147800,147975,114.68,97.77,95.39
153,11/13/07,15:40,147975,148325,147950,148250,142.06,94.44,95.92
154,11/13/07,15:45,148250,148375,148200,148300,133.75,94.44,95.55
155,11/13/07,15:50,148300,148425,148275,148425,138.79,100,96.29
156,11/13/07,15:55,148425,148625,148400,148500,137.61,91.37,95.27
157,11/14/07,09:30,149425,149525,149200,149300,229.3,90.42,93.93
158,11/14/07,09:35,149300,149600,149250,149575,218.69,98.91,93.57
159,11/14/07,09:40,149575,149650,149175,149275,151.63,81.48,90.27
160,11/14/07,09:45,149250,149375,149025,149050,108.01,69.62,83.33
161,11/14/07,09:50,149050,149075,148850,148925,83.31,63.29,71.46
162,11/14/07,09:55,148900,148975,148725,148825,64.34,58.22,63.71
163,11/14/07,10:00,148850,149175,148825,148950,70.45,64.55,62.02
164,11/14/07,10:05,148950,149050,148650,148700,34.75,49.33,57.37
165,11/14/07,10:10,148675,148975,148525,148950,59.58,62.16,58.68
166,11/14/07,10:15,148975,149100,148825,149025,62.36,63.23,58.24
167,11/14/07,10:20,149025,149175,148950,148975,50.18,53.44,59.61
168,11/14/07,10:25,148975,149000,148775,148900,34.69,45.45,54.04
169,11/14/07,10:30,148900,148900,148550,148675,-7.58,22,40.3
170,11/14/07,10:35,148675,148825,148550,148750,-2.73,20,29.15
171,11/14/07,10:40,148750,148900,148700,148775,-6.9,22.22,21.4
172,11/14/07,10:45,148775,149075,148775,149025,44.35,44.44,28.88
173,11/14/07,10:50,149050,149100,148950,148975,24.62,52.94,39.86
174,11/14/07,10:55,148975,149025,148750,148775,-49.15,38.46,45.28
175,11/14/07,11:00,148750,148900,148650,148875,-25.49,53.84,48.41
176,11/14/07,11:05,148900,148925,148525,148550,-156.21,3.84,32.05
177,11/14/07,11:10,148550,148625,148350,148425,-181.64,9.09,22.26
178,11/14/07,11:15,148425,148650,148400,148625,-96.61,33.33,15.42
179,11/14/07,11:20,148625,148800,148600,148700,-57.2,42.42,28.28
180,11/14/07,11:25,148700,148850,148650,148675,-61.86,39.39,38.38
181,11/14/07,11:30,148700,148775,148600,148725,-33.79,50,43.93
182,11/14/07,11:35,148725,148725,148525,148625,-75.32,36.66,42.02
183,11/14/07,11:40,148625,148800,148550,148750,-12.07,53.33,46.66
184,11/14/07,11:45,148750,149000,148700,148925,68.12,76.66,55.55
185,11/14/07,11:50,148950,149150,148950,149075,130.91,90.62,73.54
186,11/14/07,11:55,149075,149125,148975,149000,97.9,81.25,82.84
187,11/14/07,12:00,149000,149050,148950,149000,96.3,81.25,84.37
188,11/14/07,12:05,149000,149025,148875,148975,80.53,78.12,80.2
189,11/14/07,12:10,148975,149300,148975,149225,160.43,92.1,83.82
190,11/14/07,12:15,149250,149275,149075,149100,97.65,78.94,83.05
191,11/14/07,12:20,149075,149225,149075,149225,126.36,91.66,87.57
192,11/14/07,12:25,149225,149475,149200,149350,152.32,86.84,85.81
193,11/14/07,12:30,149325,149350,149175,149200,95.01,71.05,83.18
194,11/14/07,12:35,149175,149325,149150,149300,111.41,81.57,79.82
195,11/14/07,12:40,149275,149350,149100,149125,55.46,63.15,71.92
196,11/14/07,12:45,149125,149125,148925,148975,7.75,45.94,63.56
197,11/14/07,12:50,149000,149025,148875,149000,7.72,38.7,49.27
198,11/14/07,12:55,148975,149075,148825,148850,-54.58,3.84,29.5
199,11/14/07,13:00,148825,149025,148825,148850,-60.41,3.84,15.46
200,11/14/07,13:05,148850,149000,148850,148850,-67.2,3.84,3.84
201,11/14/07,13:10,148875,149175,148850,149175,64.3,53.84,20.51
202,11/14/07,13:15,149175,149175,149075,149100,23.45,42.3,33.33
203,11/14/07,13:20,149125,149325,149050,149300,112.82,73.07,56.41
204,11/14/07,13:25,149325,149350,149225,149250,79.38,65.38,60.25
205,11/14/07,13:30,149250,149275,149125,149250,71.6,65.38,67.94
206,11/14/07,13:35,149250,149275,148900,148925,-84.68,19.04,49.93
207,11/14/07,13:40,148950,149025,148900,148975,-59.52,28.57,37.66
208,11/14/07,13:45,148975,148975,148775,148900,-90.54,21.73,23.11
209,11/14/07,13:50,148900,148975,148750,148850,-99.61,16.66,22.32
210,11/14/07,13:55,148825,148975,148625,148650,-156.52,3.44,13.95
211,11/14/07,14:00,148650,148700,148525,148650,-138.29,15.15,11.75
212,11/14/07,14:05,148650,148800,148625,148750,-94.68,27.27,15.29
213,11/14/07,14:10,148750,148975,148650,148950,-13.8,51.51,31.31
214,11/14/07,14:15,148950,149050,148825,148975,3.44,54.54,44.44
215,11/14/07,14:20,148975,149075,148950,149000,18.61,57.57,54.54
216,11/14/07,14:25,149000,149175,148925,149000,17.85,57.57,56.56
217,11/14/07,14:30,149000,149075,148875,149000,17.85,57.57,57.57
218,11/14/07,14:35,149000,149150,148950,149100,59.52,76.66,63.93
219,11/14/07,14:40,149100,149150,148900,148950,-14.76,56.66,63.63
220,11/14/07,14:45,148975,149050,148625,148750,-107.14,34.61,55.98
221,11/14/07,14:50,148750,148950,148750,148825,-64.24,46.15,45.81
222,11/14/07,14:55,148825,148900,148650,148650,-129.69,19.23,33.33
223,11/14/07,15:00,148650,148725,148500,148600,-135.59,14.81,26.73
224,11/14/07,15:05,148575,148850,148525,148800,-37.64,44.44,26.16
225,11/14/07,15:10,148775,148950,148675,148750,-54.66,37.03,32.09
226,11/14/07,15:15,148750,148950,148750,148825,-12.24,48.14,43.2
227,11/14/07,15:20,148825,149075,148700,149025,93.33,77.77,54.32
228,11/14/07,15:25,149000,149050,148800,148925,38.9,62.96,62.96
229,11/14/07,15:30,148900,148925,148550,148650,-94.18,22.22,54.32
230,11/14/07,15:35,148625,148650,148075,148125,-285.71,4.65,29.94
231,11/14/07,15:40,148125,148150,147725,148075,-244.41,24.56,17.14
232,11/14/07,15:45,148050,148125,147800,147800,-247.12,5.26,11.49
233,11/14/07,15:50,147800,147900,147000,147250,-273.13,12.04,13.95
234,11/14/07,15:55,147225,147475,147200,147300,-196.89,14.45,10.58
235,11/15/07,09:30,147000,147150,146825,146925,-193.04,4.44,10.31
236,11/15/07,09:35,146925,147000,146600,146825,-164.71,9.09,9.33
237,11/15/07,09:40,146825,147250,146800,147100,-115.67,20.2,11.24
238,11/15/07,09:45,147100,147100,146700,146725,-131.93,5.05,11.44
239,11/15/07,09:50,146700,147075,146700,146875,-103.28,11.11,12.12
240,11/15/07,09:55,146875,147175,146850,147025,-79.8,17.17,11.11
241,11/15/07,10:00,147000,147000,146800,146925,-79.42,13.26,13.84
242,11/15/07,10:05,146925,147175,146725,147100,-58.5,21.5,17.31
243,11/15/07,10:10,147100,147400,147050,147300,-36.85,34.14,22.97
244,11/15/07,10:15,147325,147450,147200,147425,-21.2,53.22,36.29
245,11/15/07,10:20,147400,147425,147250,147300,-28.64,45.9,44.42
246,11/15/07,10:25,147300,147425,147225,147250,-29.19,50,49.7
247,11/15/07,10:30,147250,147300,146950,147275,-19.6,77.14,57.68
248,11/15/07,10:35,147275,147700,147275,147625,51.54,93.18,73.44
249,11/15/07,10:40,147625,147625,147350,147425,33.53,75,81.77
250,11/15/07,10:45,147425,147475,147325,147475,60,77.5,81.89
251,11/15/07,10:50,147475,147525,147375,147375,48.04,67.5,73.33
252,11/15/07,10:55,147375,147425,147225,147275,28.6,57.5,67.5
253,11/15/07,11:00,147275,147500,147150,147400,65.61,69.23,64.74
254,11/15/07,11:05,147400,147550,147400,147525,97.99,82.05,69.59
255,11/15/07,11:10,147525,147575,147375,147450,69.94,74.35,75.21
256,11/15/07,11:15,147450,147475,147275,147325,24.38,50,68.8
257,11/15/07,11:20,147325,147375,147200,147250,-6.32,40,54.78
258,11/15/07,11:25,147225,147300,147125,147175,-52.34,30,39
259,11/15/07,11:30,147175,147200,146825,146950,-162.22,14.28,28.09
260,11/15/07,11:35,146925,147100,146925,147000,-136.61,20,21.42
261,11/15/07,11:40,147000,147050,146825,146975,-152.46,17.14,17.14
262,11/15/07,11:45,146950,147075,146950,147075,-103.01,31.25,22.79
263,11/15/07,11:50,147050,147100,146675,146800,-187.18,13.88,20.76
264,11/15/07,11:55,146800,147000,146725,146900,-125.43,25,23.37
265,11/15/07,12:00,146900,147175,146900,146950,-92.87,30.55,23.14
266,11/15/07,12:05,146975,147050,146825,147025,-60.6,38.88,31.48
267,11/15/07,12:10,147025,147075,146875,146925,-82.75,27.77,32.4
268,11/15/07,12:15,146900,147150,146825,146875,-89.68,22.22,29.62
269,11/15/07,12:20,146875,146900,146700,146825,-95.91,18.75,22.91
270,11/15/07,12:25,146825,146875,146525,146550,-166.66,2.94,14.63
271,11/15/07,12:30,146550,146600,146325,146450,-177.67,12.82,11.5
272,11/15/07,12:35,146475,146650,146400,146575,-127.34,28.57,14.77
273,11/15/07,12:40,146550,146625,146275,146325,-180.76,5.55,15.64
274,11/15/07,12:45,146325,146500,146225,146475,-122.71,26.31,20.14
275,11/15/07,12:50,146475,146625,146400,146450,-114.13,23.68,18.51
276,11/15/07,12:55,146450,146650,146425,146525,-81.5,31.57,27.19
277,11/15/07,13:00,146525,146725,146450,146700,-23.53,50,35.08
278,11/15/07,13:05,146700,146775,146625,146625,-39.97,42.1,41.22
279,11/15/07,13:10,146625,146875,146550,146775,11.75,59.45,50.52
280,11/15/07,13:15,146750,146750,146450,146500,-72.57,29.72,43.76
281,11/15/07,13:20,146475,146550,146375,146500,-65.8,29.72,39.63
282,11/15/07,13:25,146500,146750,146450,146625,-16.6,59.25,39.57
283,11/15/07,13:30,146650,147000,146625,146900,83.27,87.09,58.69
284,11/15/07,13:35,146875,146900,146625,146650,-4.45,54.83,67.06
285,11/15/07,13:40,146650,146800,146525,146750,42.06,67.74,69.89
286,11/15/07,13:45,146750,146850,146625,146675,20.05,58.06,60.21
287,11/15/07,13:50,146675,146775,146475,146525,-46.86,38.7,54.83
288,11/15/07,13:55,146500,146575,146350,146450,-79.66,15.38,37.38
289,11/15/07,14:00,146475,146475,146125,146275,-162.46,17.14,23.74
290,11/15/07,14:05,146300,146375,146125,146275,-140.18,17.14,16.55
291,11/15/07,14:10,146300,146375,146075,146175,-168.11,10.81,15.03
292,11/15/07,14:15,146150,146375,146100,146300,-98.62,24.32,17.42
293,11/15/07,14:20,146300,146475,146125,146200,-134.39,13.51,16.21
294,11/15/07,14:25,146175,146500,146150,146300,-83.7,24.32,20.72
295,11/15/07,14:30,146300,146550,146225,146450,-23.55,40.54,26.12
296,11/15/07,14:35,146450,146525,146300,146325,-66.61,27.02,30.63
297,11/15/07,14:40,146350,146350,145725,145825,-212.65,8.51,25.35
298,11/15/07,14:45,145825,145900,145725,145875,-163.83,13.33,16.29
299,11/15/07,14:50,145850,145900,145550,145575,-212.92,1.92,7.92
300,11/15/07,14:55,145600,145700,145350,145400,-212.97,3.5,6.25
301,11/15/07,15:00,145400,145600,145375,145500,-155.91,12.24,5.89
302,11/15/07,15:05,145525,145575,145175,145275,-165.3,7.27,7.67
303,11/15/07,15:10,145275,145450,145050,145350,-127.76,20,13.17
304,11/15/07,15:15,145375,145550,145275,145525,-85.88,31.66,19.64
305,11/15/07,15:20,145525,145775,145500,145700,-50.24,43.33,31.66
306,11/15/07,15:25,145700,145975,145650,145700,-44.15,43.33,39.44
307,11/15/07,15:30,145725,145725,144875,144900,-164.02,1.49,29.38
308,11/15/07,15:35,144900,145075,144725,144775,-162.24,2.73,15.85
309,11/15/07,15:40,144750,145250,144675,145225,-81.87,29.72,11.32
310,11/15/07,15:45,145225,145925,145225,145575,-21.07,53.73,28.73
311,11/15/07,15:50,145550,145650,145200,145325,-58.2,50,44.48
312,11/15/07,15:55,145325,145725,145300,145525,-17.65,65.38,56.37
313,11/16/07,09:30,146450,146525,146300,146350,136.96,90.54,68.64
314,11/16/07,09:35,146375,146375,146050,146075,90.68,75.67,77.2
315,11/16/07,09:40,146075,146350,146050,146050,96.51,74.32,80.18
316,11/16/07,09:45,146075,146075,145850,146050,104.89,74.32,74.77
317,11/16/07,09:50,146050,146050,145675,145750,39.54,58.1,68.91
318,11/16/07,09:55,145750,145975,145475,145475,-18.84,43.24,58.55
319,11/16/07,10:00,145475,145550,145025,145125,-90.85,24.32,41.89
320,11/16/07,10:05,145150,145300,144950,145275,-55.09,32.43,33.33
321,11/16/07,10:10,145275,145450,145225,145300,-45.94,33.78,30.18
322,11/16/07,10:15,145325,145575,145200,145475,-11.23,43.24,36.48
323,11/16/07,10:20,145475,145525,145250,145350,-38.65,25.39,34.14
324,11/16/07,10:25,145350,145375,144900,144925,-115.09,1.53,23.39
325,11/16/07,10:30,144925,145175,144875,145100,-72.61,13.63,13.52
326,11/16/07,10:35,145100,145100,144750,144950,-92.07,11.26,8.81
327,11/16/07,10:40,144950,145225,144925,145100,-66.88,21.53,15.48
328,11/16/07,10:45,145100,145225,144900,145200,-54.42,28.12,20.31
329,11/16/07,10:50,145175,145350,145125,145150,-63.43,30.18,26.61
330,11/16/07,10:55,145150,145425,145075,145225,-43.98,36.53,31.61
331,11/16/07,11:00,145200,145800,145200,145675,43.94,75.51,47.41
332,11/16/07,11:05,145675,145775,145550,145600,27.77,80.95,64.33
333,11/16/07,11:10,145625,145650,145475,145575,34.93,78.57,78.34
334,11/16/07,11:15,145575,145775,145525,145725,78.12,92.85,84.12
335,11/16/07,11:20,145725,145725,145550,145575,52.41,78.57,83.33
336,11/16/07,11:25,145575,145625,145150,145175,-49.45,40.47,70.63
337,11/16/07,11:30,145175,145450,145150,145400,27.33,61.9,60.31
338,11/16/07,11:35,145400,145675,145400,145550,74.98,76.19,59.52
339,11/16/07,11:40,145550,145775,145525,145625,89.15,83.33,73.8
340,11/16/07,11:45,145625,145775,145450,145700,99.81,88.88,82.8
341,11/16/07,11:50,145700,146200,145675,146125,188.77,94.23,88.81
342,11/16/07,11:55,146125,146125,145875,145900,114.15,73.33,85.48
343,11/16/07,12:00,145900,145975,145825,145900,101.3,73.33,80.29
344,11/16/07,12:05,145875,146350,145850,146325,181.17,97.91,81.52
345,11/16/07,12:10,146325,146375,146175,146275,154.06,91.83,87.69
346,11/16/07,12:15,146275,146675,146275,146500,177.28,88.52,92.75
347,11/16/07,12:20,146500,146500,146300,146350,126.42,78.68,86.34
348,11/16/07,12:25,146350,146375,146175,146200,83.95,68.85,78.68
349,11/16/07,12:30,146200,146225,146050,146200,74.63,68.85,72.13
350,11/16/07,12:35,146175,146400,146125,146250,76.52,72.13,69.94
351,11/16/07,12:40,146250,146300,146000,146025,26.6,49.01,63.33
352,11/16/07,12:45,146025,146050,145850,145950,7.4,40.81,53.98
353,11/16/07,12:50,145950,146100,145900,146075,30.52,51.02,46.95
354,11/16/07,12:55,146050,146075,145750,145850,-22.78,17.5,36.44
355,11/16/07,13:00,145850,146075,145800,145925,-9.96,18.91,29.14
356,11/16/07,13:05,145950,146150,145925,146125,32.43,40.54,25.65
357,11/16/07,13:10,146100,146150,145925,146025,-6.28,29.72,29.72
358,11/16/07,13:15,146025,146250,146000,146150,28.82,43.24,37.83
359,11/16/07,13:20,146175,146225,145950,145975,-48.81,24.32,32.43
360,11/16/07,13:25,145975,146000,145800,145925,-80.22,23.33,30.3
361,11/16/07,13:30,145900,146175,145850,146100,-0.56,53.84,33.83
362,11/16/07,13:35,146100,146150,145925,146025,-39.07,42.3,39.82
363,11/16/07,13:40,146025,146400,145975,146275,71.4,80.76,58.97
364,11/16/07,13:45,146275,146500,146200,146375,115.91,83.33,68.8
365,11/16/07,13:50,146350,146375,146100,146100,-9.91,46.66,70.25
366,11/16/07,13:55,146125,146150,145875,145975,-66.66,30,53.33
367,11/16/07,14:00,146000,146025,145625,145800,-149.47,20,32.22
368,11/16/07,14:05,145800,145825,145475,145625,-209.52,14.63,21.54
369,11/16/07,14:10,145600,145700,145325,145400,-256.57,6.38,13.67
370,11/16/07,14:15,145425,145425,145175,145350,-223.76,13.2,11.4
371,11/16/07,14:20,145350,145475,145175,145275,-194.82,7.54,9.04
372,11/16/07,14:25,145275,145675,145175,145600,-83.24,32.07,17.61
373,11/16/07,14:30,145600,145750,145225,145300,-139.51,9.43,16.35
374,11/16/07,14:35,145300,145325,144800,144900,-187.5,5.88,15.79
375,11/16/07,14:40,144875,145200,144875,145150,-115.92,20.58,11.96
376,11/16/07,14:45,145125,145275,144975,145200,-93.89,23.52,16.66
377,11/16/07,14:50,145200,145350,145025,145100,-99.14,17.64,20.58
378,11/16/07,14:55,145100,145475,145000,145400,-42.91,38.09,26.42
379,11/16/07,15:00,145400,145600,145225,145250,-63.43,33.33,29.69
380,11/16/07,15:05,145250,145650,145250,145400,-32.83,48.97,40.13
381,11/16/07,15:10,145400,145625,145300,145475,-14.52,65.85,49.38
382,11/16/07,15:15,145475,145575,145275,145475,-9.94,71.05,61.96
383,11/16/07,15:20,145475,145550,145325,145400,-19.79,63.15,66.68
384,11/16/07,15:25,145375,145600,145225,145400,-9.35,63.15,65.78
385,11/16/07,15:30,145400,145525,145200,145225,-62.19,44.73,57.01
386,11/16/07,15:35,145200,145325,145075,145200,-64.3,42.1,49
387,11/16/07,15:40,145200,145700,145200,145625,133.33,91.66,59.5
388,11/16/07,15:45,145625,146250,145500,146200,324.57,96.36,76.71
389,11/16/07,15:50,146200,146350,145950,146325,273.4,98.18,95.4
390,11/16/07,15:55,146325,146400,146100,146175,178.16,83.92,92.82
391,11/19/07,09:30,145425,145500,145200,145200,-61.16,14.28,65.46
392,11/19/07,09:35,145200,145300,145000,145150,-68.26,10.71,36.3
393,11/19/07,09:40,145150,145250,144850,145100,-76.41,16.12,13.7
394,11/19/07,09:45,145150,145400,145125,145300,-34.59,29.03,18.62
395,11/19/07,09:50,145300,145425,145150,145375,-19.03,33.87,26.34
396,11/19/07,09:55,145375,145450,145000,145025,-104.99,11.29,24.73
397,11/19/07,10:00,145025,145300,144950,145225,-56.78,24.19,23.11
398,11/19/07,10:05,145225,145275,144900,145025,-99.01,11.29,15.59
399,11/19/07,10:10,145050,145075,144875,144875,-126.07,1.61,12.36
400,11/19/07,10:15,144875,145050,144725,144925,-102.39,11.94,8.28
401,11/19/07,10:20,144950,145100,144900,144900,-97.33,10.44,8.0003
402,11/19/07,10:25,144900,145125,144850,144975,-74.65,14.92,12.43
403,11/19/07,10:30,144950,144950,144550,144700,-119.5,8.1,11.16
404,11/19/07,10:35,144675,144725,144350,144450,-151.81,8.69,10.57
405,11/19/07,10:40,144450,144550,144350,144475,-131.01,11.36,9.38
406,11/19/07,10:45,144450,144575,144425,144550,-104.92,18.18,12.74
407,11/19/07,10:50,144550,144550,144250,144325,-130.15,6.25,11.93
408,11/19/07,10:55,144350,144400,144150,144250,-136.67,7.69,10.7
409,11/19/07,11:00,144225,144350,144125,144250,-128.48,9.43,7.79
410,11/19/07,11:05,144250,144275,144000,144050,-148.28,3.84,6.99
411,11/19/07,11:10,144025,144075,143775,143975,-139.49,13.33,8.87
412,11/19/07,11:15,143950,144150,143925,144125,-99.94,25.92,14.36
413,11/19/07,11:20,144150,144225,144100,144150,-85.65,27.77,22.34
414,11/19/07,11:25,144175,144275,143950,144000,-102.14,16.66,23.45
415,11/19/07,11:30,144000,144175,143975,144025,-91.11,18.51,20.98
416,11/19/07,11:35,144025,144275,144000,144250,-44.44,40.42,25.2
417,11/19/07,11:40,144250,144375,144225,144250,-38.66,50,36.31
418,11/19/07,11:45,144250,144300,144050,144150,-55.55,46.87,45.76
419,11/19/07,11:50,144150,144300,144150,144200,-39.13,53.12,49
420,11/19/07,11:55,144225,144225,143925,143950,-102.56,22.58,40.86
421,11/19/07,12:00,143975,144250,143875,144175,-31.26,64,46.56
422,11/19/07,12:05,144200,144400,144125,144325,41.32,88,58.19
423,11/19/07,12:10,144325,144425,144150,144200,-3.28,65.38,72.46
424,11/19/07,12:15,144225,144525,144225,144425,116.86,86.66,80.01
425,11/19/07,12:20,144400,144525,144325,144525,165.04,100,84.01
426,11/19/07,12:25,144500,144525,144375,144400,111.11,80.76,89.14
427,11/19/07,12:30,144425,144450,144150,144250,30.72,57.69,79.48
428,11/19/07,12:35,144250,144400,144225,144275,43.87,61.53,66.66
429,11/19/07,12:40,144300,144400,144275,144350,80.1,73.07,64.1
430,11/19/07,12:45,144350,144350,144150,144250,21.27,57.69,64.1
431,11/19/07,12:50,144225,144250,143875,143900,-169.75,3.84,44.87
432,11/19/07,12:55,143925,144100,143825,144000,-105.88,25,28.84
433,11/19/07,13:00,144000,144200,143725,143725,-199.45,0,9.61
434,11/19/07,13:05,143750,143900,143625,143775,-158.15,16.66,13.88
435,11/19/07,13:10,143775,143850,143400,143575,-194.72,15.55,10.74
436,11/19/07,13:15,143550,143625,143350,143500,-173.41,12.76,14.99
437,11/19/07,13:20,143500,143700,143400,143675,-106.2,27.65,18.66
438,11/19/07,13:25,143675,143925,143625,143850,-54.47,42.55,27.65
439,11/19/07,13:30,143850,144000,143750,143825,-54.93,40.42,36.87
440,11/19/07,13:35,143825,143975,143725,143975,-18.29,56.81,46.59
441,11/19/07,13:40,143950,143975,143600,143700,-78.07,33.33,43.52
442,11/19/07,13:45,143700,143875,143675,143750,-60.6,38.09,42.74
443,11/19/07,13:50,143750,143875,143550,143625,-83.25,27.5,32.97
444,11/19/07,13:55,143600,143675,143325,143475,-111.31,16.21,27.27
445,11/19/07,14:00,143475,143725,143400,143650,-63.11,37.14,26.95
446,11/19/07,14:05,143625,143950,143450,143925,22.96,68.57,40.64
447,11/19/07,14:10,143925,144175,143875,144050,69.42,85.29,63.66
448,11/19/07,14:15,144050,144300,143800,144225,130.61,92.3,82.05
449,11/19/07,14:20,144225,144350,144050,144250,144.85,90.24,89.28
450,11/19/07,14:25,144250,144425,144150,144400,186.53,97.72,93.42
451,11/19/07,14:30,144375,144450,144100,144150,92.11,73.33,87.1
452,11/19/07,14:35,144175,144400,144150,144350,135.74,91.11,87.39
453,11/19/07,14:40,144350,144750,144350,144575,165.1,87.71,84.05
454,11/19/07,14:45,144550,144625,144450,144550,135.14,85.96,88.26
455,11/19/07,14:50,144550,144575,144175,144225,54.9,63.15,78.94
456,11/19/07,14:55,144225,144250,144100,144200,43.13,61.4,70.17
457,11/19/07,15:00,144200,144225,143800,143900,-33.33,40.35,54.97
458,11/19/07,15:05,143900,144100,143875,143875,-40.12,35.18,45.64
459,11/19/07,15:10,143875,143975,143700,143800,-58.49,26.92,34.15
460,11/19/07,15:15,143800,144100,143800,143925,-26.16,21.42,27.84
461,11/19/07,15:20,143950,144450,143900,144325,66.66,59.52,35.95
462,11/19/07,15:25,144300,144475,144125,144225,36.74,50,43.65
463,11/19/07,15:30,144175,144350,143825,143875,-61.74,16.66,42.06
464,11/19/07,15:35,143875,144000,143825,143850,-80.81,14.28,26.98
465,11/19/07,15:40,143850,143875,143550,143625,-147.81,6.25,12.4
466,11/19/07,15:45,143625,143750,143500,143625,-133.33,10,10.17
467,11/19/07,15:50,143625,143850,143550,143800,-76.28,26.66,14.3
468,11/19/07,15:55,143800,143900,143650,143675,-96.85,16.27,17.64
469,11/20/07,09:30,143750,144250,143700,144225,42.02,74.35,39.1
470,11/20/07,09:35,144225,144425,144125,144350,74.96,87.17,59.27
471,11/20/07,09:40,144350,144375,144150,144200,35.7,71.79,77.77
472,11/20/07,09:45,144175,144475,144150,144450,95.81,97.43,85.47
473,11/20/07,09:50,144425,144925,144350,144900,191.81,98.24,89.15
474,11/20/07,09:55,144900,145050,144775,144900,176.85,90.32,95.33
475,11/20/07,10:00,144875,145325,144875,145250,207.53,95.89,94.81
476,11/20/07,10:05,145250,145325,145050,145250,172.04,95.89,94.03
477,11/20/07,10:10,145250,145250,144925,144975,110.09,80.82,90.86
478,11/20/07,10:15,144975,145000,144825,144975,96.69,80.82,85.84
479,11/20/07,10:20,145000,145075,144775,144800,63.49,71.23,77.62
480,11/20/07,10:25,144775,144975,144725,144925,72.5,77.46,76.5
481,11/20/07,10:30,144925,145050,144750,144975,71.35,79.1,75.93
482,11/20/07,10:35,144975,145250,144900,145100,78.87,86.15,80.9
483,11/20/07,10:40,145100,145400,145050,145300,94.87,92.15,85.8
484,11/20/07,10:45,145275,145625,145275,145450,105.17,88.13,88.81
485,11/20/07,10:50,145425,145450,145300,145375,91.22,83.05,87.78
486,11/20/07,10:55,145350,145425,145250,145400,93.13,82.35,84.51
487,11/20/07,11:00,145425,145600,145250,145600,124.44,97.22,87.54
488,11/20/07,11:05,145600,145650,145350,145475,98.52,81.08,86.88
489,11/20/07,11:10,145475,145475,145225,145275,50.62,59.45,79.25
490,11/20/07,11:15,145275,145350,145150,145325,55.65,64.86,68.46
491,11/20/07,11:20,145300,145375,145025,145050,-25.08,35.13,53.15
492,11/20/07,11:25,145075,145225,145050,145200,8.43,51.35,50.45
493,11/20/07,11:30,145200,145300,145100,145200,3.66,51.35,45.94
494,11/20/07,11:35,145200,145275,145150,145250,16.99,55.55,52.75
495,11/20/07,11:40,145250,145250,144975,144975,-82.15,10,38.96
496,11/20/07,11:45,145000,145150,144950,145075,-40.4,17.85,27.8
497,11/20/07,11:50,145075,145150,144975,145025,-60.6,10.71,12.85
498,11/20/07,11:55,145050,145050,144800,144825,-126.55,2.94,10.5
499,11/20/07,12:00,144800,144850,144525,144550,-205.06,2.22,5.29
500,11/20/07,12:05,144525,144650,144350,144375,-220.77,1.92,2.36
501,11/20/07,12:10,144375,144425,144075,144300,-200.46,14.28,6.14
502,11/20/07,12:15,144275,144400,144225,144300,-163.2,16.07,10.76
503,11/20/07,12:20,144300,144475,144275,144450,-112.79,28.84,19.73
504,11/20/07,12:25,144475,144525,144300,144350,-113.59,21.15,22.02
505,11/20/07,12:30,144350,144350,143850,143950,-154.82,6.89,18.96
506,11/20/07,12:35,143950,144075,143825,144050,-120.37,15.25,14.43
507,11/20/07,12:40,144050,144075,143650,143650,-156.28,0,7.38
508,11/20/07,12:45,143650,143975,143625,143900,-107.77,16.92,10.72
509,11/20/07,12:50,143900,144100,143900,144025,-81.99,26.22,14.38
510,11/20/07,12:55,144000,144075,143825,143925,-89.15,19.67,20.94
511,11/20/07,13:00,143925,143950,143350,143375,-153.56,1.47,15.79
512,11/20/07,13:05,143375,143550,143150,143275,-152.45,7.35,9.49
513,11/20/07,13:10,143250,143300,142750,142850,-182.66,5.26,4.69
514,11/20/07,13:15,142850,143200,142825,143150,-128.2,22.53,11.71
515,11/20/07,13:20,143150,143375,143100,143275,-101.93,29.57,19.12
516,11/20/07,13:25,143275,143325,142725,142875,-138.72,8.33,20.14
517,11/20/07,13:30,142850,143250,142825,143100,-95.66,20.83,19.58
518,11/20/07,13:35,143100,143550,143075,143425,-45.77,43.07,24.08
519,11/20/07,13:40,143425,143550,143300,143350,-49.82,45.45,36.45
520,11/20/07,13:45,143350,143575,143300,143550,-16.3,60,49.51
521,11/20/07,13:50,143525,143550,143250,143400,-34.36,49.09,51.51
522,11/20/07,13:55,143425,143675,143400,143500,-12.73,56.36,55.15
523,11/20/07,14:00,143475,143850,143100,143575,9.81,62.96,56.13
524,11/20/07,14:05,143600,143625,142650,142975,-107.63,25,48.1
525,11/20/07,14:10,142950,143250,142850,143025,-89.46,31.25,39.73
526,11/20/07,14:15,143000,143450,143000,143325,-13.32,56.25,37.5
527,11/20/07,14:20,143300,143500,142850,142875,-116.35,18.75,35.41
528,11/20/07,14:25,142875,142925,142250,142425,-197.23,10.93,28.64
529,11/20/07,14:30,142425,142750,142200,142525,-152.65,19.69,16.46
530,11/20/07,14:35,142525,142900,142375,142850,-69.98,39.39,23.34
531,11/20/07,14:40,142825,142925,142675,142850,-63.01,39.39,32.82
532,11/20/07,14:45,142825,143325,142825,143175,17.67,59.09,45.95
533,11/20/07,14:50,143175,143300,142925,143050,-16.42,51.51,49
534,11/20/07,14:55,143050,143050,142650,142725,-89.09,31.81,47.47
535,11/20/07,15:00,142725,142825,142500,142775,-69.82,34.84,39.39
536,11/20/07,15:05,142775,142825,142425,142650,-93.59,27.27,31.31
537,11/20/07,15:10,142650,142900,142500,142800,-53.99,42.1,34.74
538,11/20/07,15:15,142800,142800,142375,142400,-129.38,15.38,28.25
539,11/20/07,15:20,142400,142850,142375,142850,-26.52,50,35.82
540,11/20/07,15:25,142850,143650,142775,143475,120.22,87.93,51.1
541,11/20/07,15:30,143475,144150,143400,144025,214.43,93.58,77.17
542,11/20/07,15:35,144025,144450,144000,144300,228.53,93.33,91.61
543,11/20/07,15:40,144300,144950,144275,144625,232.54,87.37,91.43
544,11/20/07,15:45,144625,144700,144300,144500,168.51,82.52,87.74
545,11/20/07,15:50,144500,144575,143750,143825,73.38,56.31,75.4
546,11/20/07,15:55,143800,144350,143800,144300,111.11,74.75,71.19
547,11/21/07,09:30,143175,143225,142900,143025,-24.8,25.24,52.1
548,11/21/07,09:35,143025,143200,142700,142750,-56.92,14.56,38.18
549,11/21/07,09:40,142750,143050,142625,142975,-35.83,23.3,21.03
550,11/21/07,09:45,143000,143150,142850,142950,-39.41,22.33,20.06
551,11/21/07,09:50,142950,143200,142800,143125,-21.67,29.12,24.91
552,11/21/07,09:55,143125,143450,143100,143125,-21.32,29.12,26.86
553,11/21/07,10:00,143150,143300,142700,142775,-58.59,6.45,21.56
554,11/21/07,10:05,142800,142925,142550,142800,-56.46,10.41,15.33
555,11/21/07,10:10,142825,143125,142675,143075,-27.74,21.87,12.91
556,11/21/07,10:15,143075,143275,142950,143025,-36.42,19.79,17.36
557,11/21/07,10:20,143000,143075,142775,142775,-65.43,10.46,17.37
558,11/21/07,10:25,142775,142975,142750,142850,-60.98,14.81,15.02
559,11/21/07,10:30,142825,142925,142150,142175,-132.41,1.13,8.8
560,11/21/07,10:35,142175,142575,142175,142425,-94.85,21.15,12.36
561,11/21/07,10:40,142425,142625,142275,142475,-85.85,25,15.76
562,11/21/07,10:45,142475,142650,142300,142525,-79.39,28.84,24
563,11/21/07,10:50,142525,142550,141950,141975,-157.48,1.66,18.5
564,11/21/07,10:55,141975,142225,141950,142150,-126.005,13.33,14.61
565,11/21/07,11:00,142150,142150,141825,141900,-154.93,4.61,6.53
566,11/21/07,11:05,141900,142150,141800,142050,-113.73,16.66,11.53
567,11/21/07,11:10,142050,142475,142025,142400,-41.42,40.67,20.65
568,11/21/07,11:15,142400,142525,142300,142325,-50.64,35.59,30.97
569,11/21/07,11:20,142300,142325,142150,142325,-45.66,35.59,37.28
570,11/21/07,11:25,142300,142550,142200,142550,1.8,58.82,43.33
571,11/21/07,11:30,142550,142600,142325,142400,-23.68,51.06,48.49
572,11/21/07,11:35,142375,142750,142375,142750,63.96,84.44,64.77
573,11/21/07,11:40,142725,142800,142625,142775,70.03,97.5,77.66
574,11/21/07,11:45,142775,142850,142525,142650,42.81,80.95,87.63
575,11/21/07,11:50,142650,142825,142625,142775,82.58,92.85,90.43
576,11/21/07,11:55,142800,142825,142575,142625,52.25,78.57,84.12
577,11/21/07,12:00,142625,143000,142550,142875,120.28,89.58,87.003
578,11/21/07,12:05,142900,142950,142600,142650,62.24,70.83,79.66
579,11/21/07,12:10,142650,142850,142575,142750,83.42,79.16,79.86
580,11/21/07,12:15,142775,142800,142525,142550,22.44,53.84,67.94
581,11/21/07,12:20,142575,142600,142375,142450,-6.58,35.29,56.1
582,11/21/07,12:25,142425,142575,142400,142525,15.36,44.11,44.41
583,11/21/07,12:30,142525,142575,142350,142500,0.41,37.5,38.97
584,11/21/07,12:35,142500,143100,142500,143025,160.23,90.32,57.31
585,11/21/07,12:40,143025,143275,142900,143275,217.17,100,75.94
586,11/21/07,12:45,143275,143275,143050,143200,170.68,91.89,94.07
587,11/21/07,12:50,143200,143225,142950,143175,139.6,89.18,93.69
588,11/21/07,12:55,143175,143625,143150,143475,192.8,88.23,89.77
589,11/21/07,13:00,143500,143850,143300,143575,177.5,81.66,86.36
590,11/21/07,13:05,143575,143650,143350,143350,106.86,66.66,78.85
591,11/21/07,13:10,143350,143500,143175,143275,79.24,61.66,69
592,11/21/07,13:15,143275,143300,143025,143125,41.86,51.66,59
593,11/21/07,13:20,143125,143300,142950,143025,17.88,45,52.77
594,11/21/07,13:25,143025,143025,142725,142850,-22.96,33.33,43.33
595,11/21/07,13:30,142850,142925,142750,142875,-18.8,35,37.77
596,11/21/07,13:35,142875,143050,142800,142850,-28.14,33.33,33.88
597,11/21/07,13:40,142825,142875,142575,142850,-27.72,25.92,31.41
598,11/21/07,13:45,142850,142975,142675,142900,-19.75,25.49,28.24
599,11/21/07,13:50,142900,142950,142650,142650,-78.78,5.88,19.09
600,11/21/07,13:55,142650,143075,142650,142950,-11.76,29.41,20.26
601,11/21/07,14:00,142950,143150,142850,143150,34.33,45.09,26.79
602,11/21/07,14:05,143150,143175,142850,143075,5.55,39.21,37.9
603,11/21/07,14:10,143075,143275,142950,143125,13.15,51.16,45.15
604,11/21/07,14:15,143125,143150,143025,143075,-5.97,54.05,48.14
605,11/21/07,14:20,143075,143225,142925,142950,-46.94,51.72,52.31
606,11/21/07,14:25,142950,143275,142875,143125,20.57,75.86,60.54
607,11/21/07,14:30,143125,143425,143100,143425,121.57,100,75.86
608,11/21/07,14:35,143425,143500,143250,143275,76.06,75.67,83.84
609,11/21/07,14:40,143275,143425,143150,143300,97.56,78.37,84.68
610,11/21/07,14:45,143300,143475,143175,143350,117.88,83.78,79.27
611,11/21/07,14:50,143350,143700,143275,143675,216.75,97.61,86.59
612,11/21/07,14:55,143675,143775,143525,143775,201.9,100,93.8
613,11/21/07,15:00,143775,143975,143550,143625,132.1,73.58,90.4
614,11/21/07,15:05,143625,143775,143300,143325,43.73,42.22,71.93
615,11/21/07,15:10,143300,143350,142725,142925,-67.7,16,43.93
616,11/21/07,15:15,142900,142975,142600,142675,-130.9,5.45,21.22
617,11/21/07,15:20,142675,143050,142600,143025,-39.93,30.9,17.45
618,11/21/07,15:25,143025,143050,142700,142750,-111.44,10.9,15.75
619,11/21/07,15:30,142750,142975,142625,142850,-89.98,18.18,19
620,11/21/07,15:35,142850,142900,142625,142775,-105.44,12.72,13.93
621,11/21/07,15:40,142800,142800,142425,142600,-133.58,11.29,14.06
622,11/21/07,15:45,142600,142800,142525,142750,-87.4,20.96,14.99
623,11/21/07,15:50,142775,142800,142450,142450,-136.12,1.61,11.29
624,11/21/07,15:55,142475,142525,141800,141875,-210.04,3.44,8.67
625,11/22/07,09:30,142550,142650,142550,142625,-67.1,37.93,14.33
626,11/22/07,09:35,142625,142700,142625,142650,-57.11,39.08,26.81
627,11/22/07,09:40,142675,142675,142600,142650,-52.24,43.03,40.01
628,11/22/07,09:45,142650,142700,142650,142650,-48.007,54.83,45.65
629,11/22/07,09:50,142650,142650,142600,142650,-44.002,68,55.29
630,11/22/07,09:55,142650,142650,142600,142600,-49.72,64,62.27
631,11/22/07,10:00,142600,142625,142575,142625,-40.31,66,65
632,11/22/07,10:05,142600,142600,142575,142575,-48.49,65.95,65.31
633,11/22/07,10:10,142575,142575,142500,142500,-70.51,63.63,65.19
634,11/22/07,10:15,142525,142525,142475,142475,-76.76,67.5,65.69
635,11/22/07,10:20,142475,142550,142450,142550,-33.46,75,68.71
636,11/22/07,10:25,142550,142650,142550,142650,18.8,85,75.83
637,11/22/07,10:30,142675,142675,142575,142600,4.42,88.88,82.96
638,11/22/07,10:35,142575,142600,142575,142600,9.21,60,77.96
639,11/22/07,10:40,142575,142600,142550,142550,-13.07,40,62.96
640,11/22/07,10:45,142575,142575,142450,142500,-37.73,20,39
641,11/22/07,10:50,142500,142525,142475,142500,-33.82,20,26.66
642,11/22/07,10:55,142500,142500,142350,142425,-71.89,23.07,21.02
643,11/22/07,11:00,142425,142550,142425,142500,-25.31,46.15,29.74
644,11/22/07,11:05,142525,142550,142450,142525,-49.58,53.84,41.02
645,11/22/07,11:10,142525,142525,142475,142475,-93.33,38.46,46.15
646,11/22/07,11:15,142475,142475,142325,142325,-213.38,0,30.76
647,11/22/07,11:20,142325,142350,142225,142250,-233.86,5.55,14.67
648,11/22/07,11:25,142250,142625,142225,142575,46.51,77.77,27.77
649,11/23/07,09:30,143075,143325,143000,143175,412.34,86.36,56.56
650,11/23/07,09:35,143175,143200,143025,143100,267.81,79.54,81.22
651,11/23/07,09:40,143125,143300,143050,143125,211.66,81.81,82.57
652,11/23/07,09:45,143125,143225,142925,143025,136.71,72.72,78.03
653,11/23/07,09:50,143025,143050,142750,142900,81.08,61.36,71.96
654,11/23/07,09:55,142875,143050,142750,143025,101.6,72.72,68.93
655,11/23/07,10:00,143025,143175,142975,143100,104.48,79.54,71.21
656,11/23/07,10:05,143075,143275,143050,143150,101.001,84.09,78.78
657,11/23/07,10:10,143175,143200,143075,143175,93.66,86.36,83.33
658,11/23/07,10:15,143175,143425,143150,143425,128.51,100,90.15
659,11/23/07,10:20,143400,143450,143300,143300,92.84,87.75,91.37
660,11/23/07,10:25,143325,143325,143175,143200,67.21,79.59,89.11
661,11/23/07,10:30,143175,143225,143100,143225,67.18,81.63,82.99
662,11/23/07,10:35,143225,143400,143175,143325,82.65,82.14,81.12
663,11/23/07,10:40,143350,143375,143200,143250,62.68,71.42,78.4
664,11/23/07,10:45,143250,143300,143200,143300,71.99,78.57,77.38
665,11/23/07,10:50,143300,143375,143275,143350,82.96,85.71,78.57
666,11/23/07,10:55,143350,143575,143325,143550,147.9,96.96,87.08
667,11/23/07,11:00,143550,143675,143500,143575,161.9,89.18,90.62
668,11/23/07,11:05,143575,143600,143500,143550,141.58,82.14,89.43
669,11/23/07,11:10,143525,143600,143500,143600,139.53,88,86.44
670,11/23/07,11:15,143600,143600,143475,143475,78.88,66.66,78.93
671,11/23/07,11:20,143475,143500,143325,143425,53.1,56.52,70.39
672,11/23/07,11:25,143425,143650,143400,143575,103.87,82.6,68.59
673,11/23/07,11:30,143575,143775,143500,143675,131.23,85.18,74.77
674,11/23/07,11:35,143650,143850,143625,143800,162.34,93.33,87.04
675,11/23/07,11:40,143800,144000,143775,143925,184.6,90.9,89.8
676,11/23/07,11:45,143925,143950,143800,143825,129.97,78.12,87.45
677,11/23/07,11:50,143825,144000,143775,144000,169.29,100,89.67
678,11/23/07,11:55,144000,144075,143850,143925,125.46,81.25,86.45
679,11/23/07,12:00,143925,143950,143850,143850,91.05,70,83.75
680,11/23/07,12:05,143850,143900,143800,143875,88.42,73.33,74.86
681,11/23/07,12:10,143900,144050,143875,143975,107.03,86.66,76.66
682,11/23/07,12:15,143975,144150,143900,144075,123.37,90.9,83.63
683,11/23/07,12:20,144100,144150,144050,144075,111.37,90.9,89.49
684,11/23/07,12:25,144075,144275,144075,144225,144.17,94.73,92.18
685,11/23/07,12:30,144250,144375,144225,144375,174.28,100,95.21
686,11/23/07,12:35,144375,144375,144075,144100,80.76,68.57,87.76
687,11/23/07,12:40,144100,144300,144075,144250,115.78,83.33,83.96
688,11/23/07,12:45,144250,144400,144150,144200,91.61,68,73.3
689,11/23/07,12:50,144200,144200,143700,143825,-32.86,17.85,56.39
690,11/23/07,12:55,143825,144350,143725,144275,108.22,82.14,55
691,11/23/07,13:00,144275,144300,144050,144150,58.03,64.28,54.76
692,11/23/07,13:05,144175,144175,144025,144075,21.86,53.57,66.66
693,11/23/07,13:10,144100,144225,144075,144175,58.49,67.85,61.9
694,11/23/07,13:15,144200,144200,144200,144200,64.81,71.42,64.28
695,11/23/07,13:25,144200,144200,144200,144200,59.11,71.42,70.23
696,11/26/07,09:30,144375,144400,143975,143975,-61.33,39.28,60.71
697,11/26/07,09:35,143975,144425,143950,144400,143.2,96.55,69.08
698,11/26/07,09:40,144400,144625,144325,144600,207.09,97.29,77.71
699,11/26/07,09:45,144600,144725,144475,144600,184.57,87.8,93.88
700,11/26/07,09:50,144600,144650,144425,144475,116.44,75.6,86.9
701,11/26/07,09:55,144475,144900,144475,144900,235.02,100,87.8
702,11/26/07,10:00,144900,144925,144650,144750,148.37,85.71,87.1
703,11/26/07,10:05,144775,144825,144600,144650,100.45,77.08,87.59
704,11/26/07,10:10,144675,144750,144525,144550,62.67,61.53,74.77
705,11/26/07,10:15,144550,144575,144300,144350,4.42,41.02,59.88
706,11/26/07,10:20,144325,144475,144125,144200,-42.13,25.64,42.73
707,11/26/07,10:25,144200,144250,143975,144000,-93.8,5.12,23.93
708,11/26/07,10:30,143975,144275,143950,144100,-62.52,15.38,15.38
709,11/26/07,10:35,144100,144225,144050,144100,-70.03,15.38,11.96
710,11/26/07,10:40,144100,144125,143650,143650,-172.59,0,10.25
711,11/26/07,10:45,143650,143900,143625,143850,-110.06,17.3,10.89
712,11/26/07,10:50,143850,143900,143600,143650,-144.42,3.77,7.02
713,11/26/07,10:55,143625,143650,143450,143475,-159.5,1.69,7.59
714,11/26/07,11:00,143475,143775,143450,143700,-99.86,16.94,7.47
715,11/26/07,11:05,143700,143825,143600,143600,-104.63,10.16,9.6
716,11/26/07,11:10,143600,143650,143275,143300,-139.95,1.61,9.57
717,11/26/07,11:15,143300,143425,143225,143375,-112.91,9.83,7.2
718,11/26/07,11:20,143400,143425,143250,143400,-97.4,12.96,8.13
719,11/26/07,11:25,143375,143500,143275,143275,-104.92,4,8.93
720,11/26/07,11:30,143275,143550,143250,143425,-74.83,19.04,12.003
721,11/26/07,11:35,143425,143650,143425,143525,-54.44,28.57,17.2
722,11/26/07,11:40,143525,143575,143350,143450,-62.2,22.5,23.37
723,11/26/07,11:45,143450,143625,143425,143525,-43.36,33.33,28.13
724,11/26/07,11:50,143525,143650,143475,143575,-26.3,51.85,35.89
725,11/26/07,11:55,143600,143625,143375,143450,-54.92,33.33,39.5
726,11/26/07,12:00,143450,143700,143450,143575,-9.009,58.33,47.83
727,11/26/07,12:05,143575,143650,143500,143625,17.94,66.66,52.77
728,11/26/07,12:10,143625,143725,143500,143525,-13.55,50,58.33
729,11/26/07,12:15,143550,143625,143425,143475,-28.91,50,55.55
730,11/26/07,12:20,143475,143600,143350,143600,51.89,75,58.33
731,11/26/07,12:25,143625,144050,143575,143975,272.72,90.62,71.87
732,11/26/07,12:30,143975,144050,143900,143925,203.55,84.37,83.33
733,11/26/07,12:35,143925,144075,143800,143800,118.35,66.66,80.55
734,11/26/07,12:40,143825,144100,143725,144050,202.43,93.33,81.45
735,11/26/07,12:45,144075,144150,143950,144075,170.1,90.62,83.54
736,11/26/07,12:50,144100,144100,143850,143950,106.94,75,86.31
737,11/26/07,12:55,143950,144125,143925,144025,111.68,84.37,83.33
738,11/26/07,13:00,144050,144100,143950,144075,109.43,90.62,83.33
739,11/26/07,13:05,144100,144175,143875,143900,51.74,66.66,80.55
740,11/26/07,13:10,143900,144000,143750,143850,31.78,60.6,72.63
741,11/26/07,13:15,143825,143875,143675,143750,-2.86,48.48,58.58
742,11/26/07,13:20,143750,143800,143650,143725,-16.66,45.45,51.51
743,11/26/07,13:25,143700,143750,143550,143600,-63.08,30.3,41.41
744,11/26/07,13:30,143575,143775,143525,143650,-47.48,19.23,31.66
745,11/26/07,13:35,143650,143900,143650,143800,1.008,42.3,30.61
746,11/26/07,13:40,143800,143850,143550,143550,-98.52,3.84,21.79
747,11/26/07,13:45,143550,143600,143200,143375,-151.07,17.94,21.36
748,11/26/07,13:50,143375,143400,143075,143125,-210.41,4.54,8.78
749,11/26/07,13:55,143125,143325,143100,143225,-162.32,13.63,12.04
750,11/26/07,14:00,143225,143425,143125,143300,-124.28,20.45,12.87
751,11/26/07,14:05,143300,143325,143025,143250,-118.81,19.56,17.88
752,11/26/07,14:10,143225,143275,142925,143175,-119.81,20,20.006
753,11/26/07,14:15,143175,143350,143125,143300,-79.29,34.88,24.81
754,11/26/07,14:20,143300,143375,143225,143300,-71.42,38.46,31.11
755,11/26/07,14:25,143300,143475,143275,143325,-58.64,41.02,38.12
756,11/26/07,14:30,143325,143475,143200,143225,-75.43,30.76,36.75
757,11/26/07,14:35,143200,143350,143125,143125,-92.45,20.51,30.76
758,11/26/07,14:40,143125,143225,142875,142975,-124.56,9.75,20.34
759,11/26/07,14:45,142950,143075,142850,142900,-138.57,5,11.75
760,11/26/07,14:50,142875,143175,142875,142975,-112.28,16.66,10.47
761,11/26/07,14:55,142975,143025,142750,142800,-155.82,6.89,9.52
762,11/26/07,15:00,142800,142800,142550,142550,-206.09,0,7.85
763,11/26/07,15:05,142550,142650,142275,142375,-211.08,8.33,5.07
764,11/26/07,15:10,142400,142400,142100,142350,-180.18,18.18,8.83
765,11/26/07,15:15,142325,142450,142075,142100,-197.09,1.78,9.43
766,11/26/07,15:20,142100,142175,141800,141925,-190.17,7.46,9.14
767,11/26/07,15:25,141925,142050,141725,141800,-172.17,4.28,4.51
768,11/26/07,15:30,141825,142075,141825,142025,-115.45,17.14,9.63
769,11/26/07,15:35,142000,142050,141725,141850,-120.51,7.14,9.52
770,11/26/07,15:40,141850,141975,141600,141900,-99.97,17.14,13.8
771,11/26/07,15:45,141900,141975,141700,141775,-103.66,10.76,11.68
772,11/26/07,15:50,141800,141800,141175,141225,-151.27,2.5,10.13
773,11/26/07,15:55,141225,141350,140775,140800,-176.83,1.04,4.77
774,11/27/07,09:30,141725,141800,141450,141775,-59.95,44.44,15.99
775,11/27/07,09:35,141750,142350,141725,142100,-16.26,65.43,36.97
776,11/27/07,09:40,142075,142225,141800,141825,-46.27,56,55.29
777,11/27/07,09:45,141825,142175,141800,142150,6.53,82.08,67.84
778,11/27/07,09:50,142150,142350,142075,142125,10.4,80.59,72.89
779,11/27/07,09:55,142125,142225,141925,141950,-13.63,74.6,79.09
780,11/27/07,10:00,141925,142025,141700,141825,-31.06,66.66,73.95
781,11/27/07,10:05,141825,141900,141400,141500,-98.15,46.03,62.43
782,11/27/07,10:10,141500,141525,140975,141075,-177.5,19.04,43.91
783,11/27/07,10:15,141075,141450,141050,141250,-115.44,30.15,31.74
784,11/27/07,10:20,141250,141675,141175,141625,-24.09,53.96,34.39
785,11/27/07,10:25,141625,141675,141400,141625,-19.04,53.96,46.03
786,11/27/07,10:30,141625,142050,141600,141925,51.28,73.01,60.31
787,11/27/07,10:35,141925,142200,141850,142100,85.62,81.81,69.6
788,11/27/07,10:40,142100,142200,141900,142025,68.67,76.36,77.06
789,11/27/07,10:45,142000,142400,142000,142400,138.21,100,86.06
790,11/27/07,10:50,142375,142625,142350,142425,130.32,87.87,88.08
791,11/27/07,10:55,142425,142850,142425,142700,158.54,92,93.29
792,11/27/07,11:00,142725,142775,142500,142550,119.77,84,87.95
793,11/27/07,11:05,142550,142600,142300,142300,69.23,70.66,82.22
794,11/27/07,11:10,142300,142500,142250,142300,62.9,70.66,75.11
795,11/27/07,11:15,142300,142550,142300,142550,102.58,84,75.11
796,11/27/07,11:20,142525,142550,142325,142425,71.63,76.38,77.01
797,11/27/07,11:25,142400,142750,142400,142525,82.88,80.59,80.32
798,11/27/07,11:30,142500,142875,142500,142750,109.21,91.52,82.83
799,11/27/07,11:35,142750,143075,142725,142900,118.05,88.13,86.75
800,11/27/07,11:40,142925,143100,142750,142750,86.49,72,83.88
801,11/27/07,11:45,142750,142800,142575,142625,62.95,60.41,73.51
802,11/27/07,11:50,142625,142650,142450,142500,37.31,45.45,59.29
803,11/27/07,11:55,142475,142675,142475,142525,36.27,32.35,46.07
804,11/27/07,12:00,142550,142725,142500,142575,44.008,38.23,38.68
805,11/27/07,12:05,142550,142625,142400,142625,53.35,44.11,38.23
806,11/27/07,12:10,142600,142625,142225,142225,-102.82,0,27.45
807,11/27/07,12:15,142250,142425,142200,142300,-83.33,11.11,18.4
808,11/27/07,12:20,142275,142400,142075,142350,-78.01,26.82,12.64
809,11/27/07,12:25,142325,142325,142150,142300,-95.56,21.95,19.96
810,11/27/07,12:30,142300,142625,142275,142500,-6.43,41.46,30.08
811,11/27/07,12:35,142525,142850,142500,142750,107.74,65.85,43.08
812,11/27/07,12:40,142725,142925,142725,142875,142.04,78.04,61.78
813,11/27/07,12:45,142875,143050,142850,142925,141.56,82.92,75.6
814,11/27/07,12:50,142950,143150,142850,143075,170.04,93.02,84.66
815,11/27/07,12:55,143100,143100,142750,142750,48.24,62.79,79.58
816,11/27/07,13:00,142750,142900,142750,142800,59.4,67.44,74.41
817,11/27/07,13:05,142775,142925,142750,142925,91.82,79.06,69.76
818,11/27/07,13:10,142925,142975,142675,142750,33.12,62.79,69.76
819,11/27/07,13:15,142750,142850,142600,142675,12.44,55.81,65.89
820,11/27/07,13:20,142675,142975,142625,142950,101.26,81.39,66.66
821,11/27/07,13:25,142950,143075,142875,142950,90.24,81.39,72.86
822,11/27/07,13:30,142950,143025,142675,142900,67.81,75,79.26
823,11/27/07,13:35,142900,142925,142750,142825,40.04,62.85,73.08
824,11/27/07,13:40,142825,142850,142650,142725,5.45,34.61,57.49
825,11/27/07,13:45,142725,142825,142625,142725,3.88,22.72,40.06
826,11/27/07,13:50,142700,142700,142200,142275,-155.02,7.89,21.74
827,11/27/07,13:55,142275,142425,142200,142375,-124.66,18.42,16.34
828,11/27/07,14:00,142350,142400,141875,141950,-235.29,6.12,10.81
829,11/27/07,14:05,141950,142200,141925,142075,-179.26,16.66,13.73
830,11/27/07,14:10,142075,142375,142025,142325,-98.4,37.5,20.09
831,11/27/07,14:15,142325,142500,142225,142450,-56.43,47.91,34.02
832,11/27/07,14:20,142450,142475,142250,142325,-77.51,37.5,40.97
833,11/27/07,14:25,142325,142450,142125,142225,-89.24,29.16,38.19
834,11/27/07,14:30,142225,142275,142125,142125,-99.88,20.83,29.16
835,11/27/07,14:35,142150,142200,141350,141650,-175.71,17.91,22.63
836,11/27/07,14:40,141650,141725,141150,141275,-210.53,7.04,15.26
837,11/27/07,14:45,141275,141625,141225,141400,-164.06,14.7,13.21
838,11/27/07,14:50,141400,141775,141400,141600,-114.002,26.86,16.2
839,11/27/07,14:55,141600,141850,141475,141725,-82.98,37.09,26.22
840,11/27/07,15:00,141725,141900,141450,141475,-108.98,24.07,29.34
841,11/27/07,15:05,141475,141700,141450,141575,-83.83,31.48,30.88
842,11/27/07,15:10,141550,142200,141550,141975,-13.6,61.11,38.88
843,11/27/07,15:15,141975,142175,141850,141975,-6.88,61.11,51.23
844,11/27/07,15:20,141975,142225,141900,142100,25,70.37,64.19
845,11/27/07,15:25,142075,142125,141450,141725,-45.32,43.39,58.29
846,11/27/07,15:30,141700,142575,141650,142525,124.66,96.49,70.08
847,11/27/07,15:35,142525,142850,142450,142700,151.87,91.17,77.02
848,11/27/07,15:40,142675,142925,142525,142625,118.77,83.09,90.25
849,11/27/07,15:45,142625,142925,142550,142825,135.03,94.36,89.54
850,11/27/07,15:50,142825,143100,142725,143075,156.2,98.66,92.04
851,11/27/07,15:55,143100,143275,142975,143150,150.09,93.33,95.45
852,11/28/07,09:30,144150,144550,144100,144500,257.09,98.38,96.79
853,11/28/07,09:35,144500,144675,144475,144575,203.88,96.89,96.2
854,11/28/07,09:40,144575,144600,144400,144500,161.98,94.57,96.61
855,11/28/07,09:45,144525,144975,144425,144875,161.65,97.16,96.21
856,11/28/07,09:50,144875,145125,144825,145025,146.31,97.27,96.33
857,11/28/07,09:55,145025,145225,144950,145150,131.52,98.01,97.48
858,11/28/07,10:00,145150,145275,144900,144975,105.35,92.15,95.81
859,11/28/07,10:05,144975,145125,144850,144875,86.98,88.96,93.04
860,11/28/07,10:10,144850,145025,144750,144900,78.53,86.72,89.28
861,11/28/07,10:15,144900,145150,144800,145075,79.56,92.72,89.47
862,11/28/07,10:20,145050,145375,145050,145250,81.62,95.57,91.67
863,11/28/07,10:25,145275,145450,145225,145425,85.15,99.08,95.79
864,11/28/07,10:30,145450,145575,145400,145475,83.38,96.15,96.93
865,11/28/07,10:35,145475,145700,145425,145650,93.2,96.87,97.37
866,11/28/07,10:40,145650,146150,145650,146000,117.35,91.42,94.81
867,11/28/07,10:45,146000,146150,145925,145950,110.1,88.57,92.29
868,11/28/07,10:50,145950,146125,145900,146000,115.77,91.3,90.43
869,11/28/07,10:55,146000,146025,145825,145875,100.4,80.35,86.74
870,11/28/07,11:00,145900,146025,145775,145775,82.5,73.21,81.62
871,11/28/07,11:05,145775,145925,145700,145750,71.53,71.42,74
872,11/28/07,11:10,145750,145950,145750,145825,74.87,76.78,73.8
873,11/28/07,11:15,145825,146025,145825,145925,83.15,83.92,77.38
874,11/28/07,11:20,145925,145925,145650,145675,36.46,64.81,75.17
875,11/28/07,11:25,145675,145825,145625,145775,48.94,65.9,71.55
876,11/28/07,11:30,145800,145825,145700,145725,34.9,54.05,61.59
877,11/28/07,11:35,145750,145925,145650,145725,30.97,43.33,54.43
878,11/28/07,11:40,145725,145850,145650,145675,14.51,34.48,43.95
879,11/28/07,11:45,145675,145750,145600,145650,-1.54,9.09,28.96
880,11/28/07,11:50,145650,145750,145575,145750,20.52,30.43,24.66
881,11/28/07,11:55,145725,145900,145725,145900,76.85,59.09,32.87
882,11/28/07,12:00,145900,146175,145850,146100,160.37,87.5,59.008
883,11/28/07,12:05,146100,146250,146025,146075,131.32,74.07,73.55
884,11/28/07,12:10,146100,146100,145950,146050,107.02,70.37,77.31
885,11/28/07,12:15,146025,146125,145950,146100,118.23,77.77,74.07
886,11/28/07,12:20,146100,146250,146025,146200,152.04,92.59,80.24
887,11/28/07,12:25,146225,146225,146100,146125,105.72,81.48,83.95
888,11/28/07,12:30,146150,146250,146025,146075,80,74.07,82.71
889,11/28/07,12:35,146050,146175,146000,146050,62.59,70.37,75.3
890,11/28/07,12:40,146050,146150,145975,146075,65.66,74.07,72.83
891,11/28/07,12:45,146050,146175,145925,146125,77.61,81.48,75.3
892,11/28/07,12:50,146125,146125,145975,146050,43.38,70.37,75.3
893,11/28/07,12:55,146025,146100,146000,146025,30.97,66.66,72.83
894,11/28/07,13:00,146050,146100,145950,146075,46.36,66.66,67.9
895,11/28/07,13:05,146075,146100,145975,146000,10.41,37.5,56.94
896,11/28/07,13:10,146000,146050,145925,146025,17.16,30.76,44.97
897,11/28/07,13:15,146025,146375,146000,146325,177.28,88.88,52.38
898,11/28/07,13:20,146325,146525,146300,146450,246.53,87.5,69.05
899,11/28/07,13:25,146450,146475,146375,146450,217.79,87.5,87.96
900,11/28/07,13:30,146450,146550,146375,146450,175.21,84,86.33
901,11/28/07,13:35,146450,146625,146450,146525,170.84,85.71,85.73
902,11/28/07,13:40,146525,146550,146375,146425,104.52,71.42,80.38
903,11/28/07,13:45,146425,146550,146375,146500,116.37,82.14,79.76
904,11/28/07,13:50,146500,146775,146475,146675,153.14,88.23,80.6
905,11/28/07,13:55,146700,146950,146650,146750,150.53,80.48,83.62
906,11/28/07,14:00,146775,146900,146650,146775,135.46,82.92,83.88
907,11/28/07,14:05,146775,147000,146650,147000,169.72,100,87.8
908,11/28/07,14:10,147000,147125,146875,147050,159.42,93.75,92.22
909,11/28/07,14:15,147050,147175,146900,146925,117.85,80,91.25
910,11/28/07,14:20,146950,146950,146825,146850,89.96,72.34,82.03
911,11/28/07,14:25,146850,146925,146775,146875,85.83,65.71,72.68
912,11/28/07,14:30,146875,146925,146775,146925,87.1,68.75,68.93
913,11/28/07,14:35,146925,147150,146900,146975,89.38,75,69.82
914,11/28/07,14:40,147000,147025,146725,146775,35.9,50,64.58
915,11/28/07,14:45,146775,146900,146650,146825,43.27,56.25,60.41
916,11/28/07,14:50,146850,146875,146700,146750,12.65,46.87,51.04
917,11/28/07,14:55,146750,146950,146750,146900,60.95,60.71,54.61
918,11/28/07,15:00,146900,147050,146825,147000,93.78,66.66,58.08
919,11/28/07,15:05,147000,147150,146850,147100,124.15,85.71,71.03
920,11/28/07,15:10,147075,147375,147050,147250,171.66,82.75,78.37
921,11/28/07,15:15,147250,147375,147200,147350,189.82,96.55,88.34
922,11/28/07,15:20,147375,147500,147325,147375,179.29,85.29,88.2
923,11/28/07,15:25,147375,147400,147300,147375,156.86,85.29,89.04
924,11/28/07,15:30,147350,147400,147125,147200,78.34,64.7,78.43
925,11/28/07,15:35,147225,147400,147125,147375,125.8,85.29,78.43
926,11/28/07,15:40,147375,147475,146975,147000,-16.9,41.17,63.72
927,11/28/07,15:45,146975,147025,146600,146650,-134.49,5.55,44.008
928,11/28/07,15:50,146650,147075,146625,147025,0,47.22,31.31
929,11/28/07,15:55,147025,147325,147000,147275,79.08,75,42.59
930,11/29/07,09:30,146600,146700,146425,146600,-139.15,16.27,46.16
931,11/29/07,09:35,146600,146975,146600,146975,-19.8,51.16,47.48
932,11/29/07,09:40,146975,147100,146825,147100,18.69,62.79,43.41
933,11/29/07,09:45,147100,147100,146450,146550,-143.18,11.62,41.86
934,11/29/07,09:50,146550,146700,146425,146650,-107.91,20.93,31.78
935,11/29/07,09:55,146625,146750,146525,146600,-113.68,16.27,16.27
936,11/29/07,10:00,146600,146850,146475,146550,-119.38,11.9,16.37
937,11/29/07,10:05,146525,146550,146225,146300,-155.28,6,11.39
938,11/29/07,10:10,146300,146325,146075,146225,-142.31,10.71,9.53
939,11/29/07,10:15,146225,146475,146200,146425,-89.49,25,13.9
940,11/29/07,10:20,146425,146550,146250,146500,-67.61,34,23.23
941,11/29/07,10:25,146525,146600,146350,146500,-61.5,34,30
942,11/29/07,10:30,146500,146575,146350,146475,-61.22,32,33.33
943,11/29/07,10:35,146450,146750,146350,146675,-13.58,58.53,41.51
944,11/29/07,10:40,146700,146775,146600,146650,-14.55,56.09,48.87
945,11/29/07,10:45,146625,146725,146525,146575,-29.12,48.78,54.47
946,11/29/07,10:50,146600,146725,146500,146675,9.53,58.53,54.47
947,11/29/07,10:55,146700,146875,146675,146800,49.62,90.62,65.98
948,11/29/07,11:00,146825,146825,146675,146725,31.83,81.25,76.8
949,11/29/07,11:05,146725,147025,146725,146900,119.54,86.84,86.23
950,11/29/07,11:10,146925,147125,146850,147050,154.28,92.85,86.98
951,11/29/07,11:15,147050,147100,146925,146975,125.71,85.71,88.47
952,11/29/07,11:20,146950,147025,146750,146850,89.23,70.27,82.94
953,11/29/07,11:25,146825,147100,146800,147050,146.79,91.42,82.47
954,11/29/07,11:30,147025,147425,147025,147400,214.61,97.67,86.45
955,11/29/07,11:35,147400,147550,147300,147325,158.33,81.25,90.11
956,11/29/07,11:40,147325,147525,147300,147475,164.45,93.75,90.89
957,11/29/07,11:45,147475,147700,147475,147600,165.98,91.66,88.88
958,11/29/07,11:50,147600,147600,147425,147425,113.09,77.08,87.5
959,11/29/07,11:55,147425,147575,147400,147450,104.48,79.16,82.63
960,11/29/07,12:00,147425,147475,147350,147425,88.54,73.17,76.47
961,11/29/07,12:05,147425,147600,147425,147525,98.23,82.92,78.42
962,11/29/07,12:10,147525,147525,147250,147275,39.78,56.41,70.83
963,11/29/07,12:15,147250,147300,147125,147150,8.04,42.1,60.48
964,11/29/07,12:20,147150,147250,147100,147200,14.29,47.36,48.62
965,11/29/07,12:25,147200,147350,147175,147300,33.21,57.89,49.12
966,11/29/07,12:30,147325,147350,147250,147300,27.39,55.55,53.6
967,11/29/07,12:35,147300,147425,147275,147350,37.5,48.14,53.86
968,11/29/07,12:40,147350,147450,147325,147375,40.81,45.83,49.84
969,11/29/07,12:45,147350,147375,146900,147025,-102.44,15.62,36.53
970,11/29/07,12:50,147025,147125,146925,147050,-92.25,18.75,26.73
971,11/29/07,12:55,147050,147150,146825,146875,-155.5,6.45,13.6
972,11/29/07,13:00,146875,147025,146650,146700,-209.23,5.26,10.15
973,11/29/07,13:05,146675,146950,146625,146875,-132.63,25.64,12.45
974,11/29/07,13:10,146900,146975,146750,146925,-99.59,30.76,20.55
975,11/29/07,13:15,146925,147050,146775,146825,-113.91,22.22,26.21
976,11/29/07,13:20,146850,146850,146650,146825,-100.48,24.24,25.74
977,11/29/07,13:25,146825,146850,146600,146675,-127.15,8.82,18.42
978,11/29/07,13:30,146675,146950,146675,146750,-94.99,17.64,16.9
979,11/29/07,13:35,146750,146875,146700,146700,-99.21,11.76,12.74
980,11/29/07,13:40,146700,146775,146400,146425,-155.77,2.38,10.59
981,11/29/07,13:45,146400,146675,146275,146600,-100.62,27.65,13.93
982,11/29/07,13:50,146600,147050,146575,146925,-5.27,59.09,29.71
983,11/29/07,13:55,146925,147050,146875,146900,-9.56,71.42,52.72
984,11/29/07,14:00,146875,147000,146625,146750,-52.76,54.28,61.6
985,11/29/07,14:05,146750,146950,146725,146925,13.6,83.87,69.86
986,11/29/07,14:10,146925,147050,146825,147000,52.15,93.54,77.23
987,11/29/07,14:15,147000,147225,147000,147050,86.22,81.57,86.33
988,11/29/07,14:20,147050,147100,146875,147025,92.71,78.94,84.69
989,11/29/07,14:25,147025,147250,146925,147175,156.61,92.3,84.27
990,11/29/07,14:30,147175,147225,146825,146875,17.81,61.53,77.59
991,11/29/07,14:35,146900,147150,146825,147000,75.02,74.35,76.06
992,11/29/07,14:40,147000,147300,146975,147300,193.16,100,78.63
993,11/29/07,14:45,147300,147325,147075,147125,100.07,80.95,85.1
994,11/29/07,14:50,147150,147300,147025,147100,81.69,78.57,86.5
995,11/29/07,14:55,147100,147250,147050,147200,108.32,83.33,80.95
996,11/29/07,15:00,147200,147400,147100,147275,120.35,83.87,81.92
997,11/29/07,15:05,147250,147475,147250,147350,132.28,85.29,84.16
998,11/29/07,15:10,147350,147350,146950,147000,5.61,36.66,68.61
999,11/29/07,15:15,147000,147250,146950,147125,47.61,46.15,56.03
1000,11/29/07,15:20,147125,147175,146950,147125,39.52,46.15,42.99
1001,11/29/07,15:25,147125,147300,147050,147250,91.26,65.38,52.56
1002,11/29/07,15:30,147225,147225,146875,147025,-28.95,30.76,47.43
1003,11/29/07,15:35,147050,147150,146975,147000,-47.01,26.92,41.02
1004,11/29/07,15:40,147025,147275,146825,147250,86.59,65.38,41.02
1005,11/29/07,15:45,147250,147500,147175,147250,79.36,62.96,51.75
1006,11/29/07,15:50,147250,147275,147025,147200,41.86,55.55,61.3
1007,11/29/07,15:55,147175,147325,147175,147225,52.2,59.25,59.25
1008,11/30/07,09:30,149000,149050,148875,149000,592.49,97.75,70.85
1009,11/30/07,09:35,149000,149175,148975,149125,344.42,97.87,84.96
1010,11/30/07,09:40,149125,149225,148900,148925,209.28,87.5,94.37
1011,11/30/07,09:45,148925,148950,148675,148825,149.97,83.33,89.56
1012,11/30/07,09:50,148825,148850,148625,148725,113.56,79.16,83.33
1013,11/30/07,09:55,148725,148875,148575,148825,103.86,83.33,81.94
1014,11/30/07,10:00,148825,149100,148725,148750,83.89,80.2,80.9
1015,11/30/07,10:05,148775,148950,148700,148925,86.37,87.5,83.68
1016,11/30/07,10:10,148925,148950,148500,148650,57.32,76.04,81.25
1017,11/30/07,10:15,148650,148800,148525,148750,58.84,80.2,81.25
1018,11/30/07,10:20,148750,148850,148550,148600,42.23,71.59,75.94
1019,11/30/07,10:25,148600,148775,148525,148750,49.61,78.4,76.73
1020,11/30/07,10:30,148750,149000,148725,148875,55.71,82.92,77.64
1021,11/30/07,10:35,148875,148900,148725,148825,47.61,44.82,68.72
1022,11/30/07,10:40,148825,148825,148650,148725,34.28,31.03,52.92
1023,11/30/07,10:45,148725,148750,148550,148575,11.43,10.34,28.73
1024,11/30/07,10:50,148575,148725,148450,148650,15.2,30.76,24.04
1025,11/30/07,10:55,148650,148800,148575,148625,-0.57,26.92,22.67
1026,11/30/07,11:00,148650,148675,148300,148350,-105.34,6.25,21.31
1027,11/30/07,11:05,148350,148450,148225,148275,-210.82,5.71,12.96
1028,11/30/07,11:10,148275,148425,148150,148175,-208.08,2.94,4.96
1029,11/30/07,11:15,148175,148275,147950,148000,-226.95,4.76,4.47
1030,11/30/07,11:20,148000,148150,147875,148100,-157.02,20,9.23
1031,11/30/07,11:25,148075,148250,148050,148225,-100.18,31.11,18.62
1032,11/30/07,11:30,148225,148250,147950,148150,-103.79,24.44,25.18
1033,11/30/07,11:35,148150,148225,148050,148125,-95.95,22.22,25.92
1034,11/30/07,11:40,148100,148350,148100,148275,-51.76,39.02,28.56
1035,11/30/07,11:45,148275,148400,148225,148375,-21.1,52.63,37.95
1036,11/30/07,11:50,148350,148400,148225,148300,-37.09,45.94,45.86
1037,11/30/07,11:55,148275,148500,148275,148450,8.39,62.16,53.57
1038,11/30/07,12:00,148450,148500,148350,148450,10.97,62.16,56.75
1039,11/30/07,12:05,148475,148475,148275,148300,-29.74,53.12,59.14
1040,11/30/07,12:10,148275,148425,148250,148250,-40.85,60,58.42
1041,11/30/07,12:15,148250,148300,148050,148150,-73.89,44,52.37
1042,11/30/07,12:20,148150,148150,147925,147925,-160.68,8,37.33
1043,11/30/07,12:25,147925,148225,147850,148175,-43.84,50,33
1044,11/30/07,12:30,148175,148200,148050,148150,-49.15,46.15,34.71
1045,11/30/07,12:35,148150,148200,148050,148150,-41.86,46.15,47.43
1046,11/30/07,12:40,148175,148250,147950,147975,-134.23,19.23,37.17
1047,11/30/07,12:45,147975,148300,147950,148225,17.68,57.69,41.02
1048,11/30/07,12:50,148225,148300,148150,148175,-13.07,50,42.3
1049,11/30/07,12:55,148150,148375,148125,148300,57.02,69.23,58.97
1050,11/30/07,13:00,148275,148375,148150,148275,36.48,65.38,61.53
1051,11/30/07,13:05,148275,148300,148125,148200,-12.34,53.84,62.82
1052,11/30/07,13:10,148200,148250,148025,148100,-74.69,40,53.07
1053,11/30/07,13:15,148100,148325,148075,148300,48.78,78.26,57.36
1054,11/30/07,13:20,148325,148475,148250,148450,129.58,96,71.42
1055,11/30/07,13:25,148425,148625,148400,148550,170.83,90.32,88.19
1056,11/30/07,13:30,148550,148600,148500,148525,137.38,87.09,91.13
1057,11/30/07,13:35,148550,148775,148525,148650,180.54,84.84,87.42
1058,11/30/07,13:40,148650,148700,148475,148550,126.58,72.72,81.55
1059,11/30/07,13:45,148550,148600,148450,148575,118.9,75.75,77.77
1060,11/30/07,13:50,148550,148625,148425,148550,94.96,72.72,73.73
1061,11/30/07,13:55,148550,148625,148475,148525,75.42,66.66,71.71
1062,11/30/07,14:00,148525,148550,148100,148200,-49.95,23.33,54.24
1063,11/30/07,14:05,148175,148350,148100,148200,-50.72,23.33,37.77
1064,11/30/07,14:10,148225,148400,148200,148300,-15.51,36.66,27.77
1065,11/30/07,14:15,148300,148475,148250,148425,29.69,53.33,37.77
1066,11/30/07,14:20,148425,148450,148350,148400,11.96,46.42,45.47
1067,11/30/07,14:25,148400,148450,148175,148250,-57.47,22.22,40.66
1068,11/30/07,14:30,148225,148300,148025,148300,-39.03,36.66,35.1
1069,11/30/07,14:35,148300,148500,148275,148350,-16.51,43.33,34.07
1070,11/30/07,14:40,148375,148425,148250,148350,-18.86,43.33,41.11
1071,11/30/07,14:45,148350,148450,148125,148150,-116.04,18.51,35.06
1072,11/30/07,14:50,148150,148175,147950,148125,-130.21,25.92,29.25
1073,11/30/07,14:55,148125,148200,148000,148125,-118.12,25.92,23.45
1074,11/30/07,15:00,148100,148150,147850,147850,-203.78,0,17.28
1075,11/30/07,15:05,147900,147900,147525,147625,-238.85,9.75,11.89
1076,11/30/07,15:10,147625,147650,147300,147625,-195.16,27.08,12.27
1077,11/30/07,15:15,147625,147750,147425,147700,-148.83,33.33,23.39
1078,11/30/07,15:20,147675,147975,147675,147850,-92.23,45.83,35.41
1079,11/30/07,15:25,147875,148025,147725,147875,-75.3,47.91,42.36
1080,11/30/07,15:30,147875,148025,147675,147775,-90.27,39.58,44.44
1081,11/30/07,15:35,147775,147975,147725,147825,-66.8,43.75,43.75
1082,11/30/07,15:40,147825,148200,147800,148100,11.32,66.66,49
1083,11/30/07,15:45,148075,148075,147625,147750,-77.83,39.13,49.84
1084,11/30/07,15:50,147750,147975,147625,147950,-19.64,56.52,54.1
1085,11/30/07,15:55,147925,148525,147900,148475,125.69,95.91,63.85
1086,12/03/07,09:30,148150,148250,147750,147975,-7.9,55.1,69.18
1087,12/03/07,09:35,147950,148025,147650,147700,-83.47,32.65,61.22
1088,12/03/07,09:40,147700,147800,147525,147750,-62.78,36.73,41.49
1089,12/03/07,09:45,147775,147950,147750,147900,-8.51,48.97,39.45
1090,12/03/07,09:50,147900,147975,147800,147900,-0.52,43.18,42.96
1091,12/03/07,09:55,147900,147950,147750,147775,-48.09,25,39.05
1092,12/03/07,10:00,147775,148050,147500,147575,-127.85,7.31,25.16
1093,12/03/07,10:05,147575,147675,147350,147350,-202.16,0,10.77
1094,12/03/07,10:10,147350,147625,147325,147575,-93.18,20.83,9.38
1095,12/03/07,10:15,147575,147725,147525,147600,-81.87,22.91,14.58
1096,12/03/07,10:20,147600,147775,147550,147775,-14.31,37.5,27.08
1097,12/03/07,10:25,147775,147800,147500,147550,-102.21,18.75,26.38
1098,12/03/07,10:30,147550,148000,147525,148000,74.07,56.25,37.5
1099,12/03/07,10:35,147975,148100,147900,147925,43.36,64.86,46.62
1100,12/03/07,10:40,147925,148100,147875,148000,64.84,87.09,69.4
1101,12/03/07,10:45,148025,148100,147800,147850,9.52,67.74,73.23
1102,12/03/07,10:50,147875,147925,147775,147800,-3.43,61.29,72.04
1103,12/03/07,10:55,147800,148175,147775,147975,59.04,76.47,68.5
1104,12/03/07,11:00,147975,148050,147850,147925,40.76,70.58,69.44
1105,12/03/07,11:05,147950,148075,147825,148000,90.8,79.41,75.49
1106,12/03/07,11:10,148000,148000,147725,147750,-15.65,50,66.66
1107,12/03/07,11:15,147750,147775,147600,147700,-38.84,44.11,57.84
1108,12/03/07,11:20,147700,147900,147625,147900,49.27,59.25,51.12
1109,12/03/07,11:25,147875,148000,147800,148000,89.58,74.07,59.15
1110,12/03/07,11:30,147975,148000,147850,147900,45.61,59.25,64.19
1111,12/03/07,11:35,147875,148150,147875,148050,99.07,80.76,71.36
1112,12/03/07,11:40,148050,148075,147950,147975,62.77,65.21,68.41
1113,12/03/07,11:45,147975,148225,147950,148150,137.25,88,77.99
1114,12/03/07,11:50,148175,148175,148050,148050,84.6,72,75.07
1115,12/03/07,11:55,148025,148050,147925,148000,52.99,64,74.66
1116,12/03/07,12:00,148000,148000,147850,147875,-28.45,44,59
1117,12/03/07,12:05,147875,148025,147825,148000,46.28,64,57.33
1118,12/03/07,12:10,148000,148175,147975,148150,146.83,88,65.33
1119,12/03/07,12:15,148175,148175,148000,148125,114.26,84,78.66
1120,12/03/07,12:20,148125,148175,148025,148050,59.76,72,81.33
1121,12/03/07,12:25,148075,148250,148050,148250,173.73,100,85.33
1122,12/03/07,12:30,148225,148300,148200,148250,157.09,90,87.33
1123,12/03/07,12:35,148225,148400,148200,148225,120.62,69.56,86.52
1124,12/03/07,12:40,148225,148300,148150,148175,82.1,60.86,73.47
1125,12/03/07,12:45,148200,148250,148125,148175,74.07,60.86,63.76
1126,12/03/07,12:50,148175,148350,148150,148175,67.61,60.86,60.86
1127,12/03/07,12:55,148175,148200,148000,148075,-1.7,43.47,55.07
1128,12/03/07,13:00,148075,148100,147800,147900,-121.05,16.66,40.33
1129,12/03/07,13:05,147900,147900,147750,147825,-152.94,11.53,23.89
1130,12/03/07,13:10,147825,147875,147775,147800,-158.05,7.69,11.96
1131,12/03/07,13:15,147825,147875,147725,147850,-112.02,18.51,12.58
1132,12/03/07,13:20,147850,147950,147725,147750,-145.52,3.7,9.97
1133,12/03/07,13:25,147750,147900,147650,147725,-134.69,10,10.74
1134,12/03/07,13:30,147725,147750,147475,147550,-175.51,8.1,7.27
1135,12/03/07,13:35,147550,147700,147500,147650,-116.34,18.91,12.34
1136,12/03/07,13:40,147650,147650,147375,147500,-146.73,12.19,13.07
1137,12/03/07,13:45,147500,147650,147450,147550,-113.55,17.94,16.35
1138,12/03/07,13:50,147550,147600,147350,147400,-138.88,5,11.71
1139,12/03/07,13:55,147375,147600,147350,147450,-111.95,10,10.98
1140,12/03/07,14:00,147450,147700,147425,147575,-71.54,26.47,13.82
1141,12/03/07,14:05,147575,147750,147550,147650,-46.34,40,25.49
1142,12/03/07,14:10,147650,147725,147475,147575,-61.98,37.5,34.65
1143,12/03/07,14:15,147575,147725,147525,147675,-25.86,54.16,43.88
1144,12/03/07,14:20,147675,147750,147625,147625,-37.37,45.83,45.83
1145,12/03/07,14:25,147625,147675,147475,147500,-80.16,25,41.66
1146,12/03/07,14:30,147500,147525,147325,147350,-141.002,4.34,25.06
1147,12/03/07,14:35,147375,147550,147325,147475,-75.9,35.29,21.54
1148,12/03/07,14:40,147500,147675,147450,147575,-16.26,58.82,32.82
1149,12/03/07,14:45,147575,147600,147425,147525,-40.65,47.05,47.05
1150,12/03/07,14:50,147525,147775,147500,147725,96.08,88.88,64.92
1151,12/03/07,14:55,147750,147775,147625,147700,92.69,83.33,73.09
1152,12/03/07,15:00,147700,147725,147625,147700,97.44,83.33,85.18
1153,12/03/07,15:05,147700,147750,147250,147275,-196.44,4.76,57.14
1154,12/03/07,15:10,147250,147450,147200,147400,-94.06,34.78,40.95
1155,12/03/07,15:15,147375,147500,147300,147450,-55.14,43.47,27.67
1156,12/03/07,15:20,147450,147850,147275,147800,150.39,92.3,56.85
1157,12/03/07,15:25,147800,147875,147675,147725,93.64,77.77,71.18
1158,12/03/07,15:30,147750,147800,147625,147675,60.4,70.37,80.15
1159,12/03/07,15:35,147700,147825,147650,147650,41.19,66.66,71.6
1160,12/03/07,15:40,147650,147875,147625,147775,102.4,85.18,74.07
1161,12/03/07,15:45,147775,147775,147475,147550,-20.35,51.85,67.9
1162,12/03/07,15:50,147525,147525,147275,147400,-92.81,29.62,55.55
1163,12/03/07,15:55,147375,147525,147350,147500,-36.3,44.44,41.97
1164,12/04/07,09:30,146550,146700,146350,146600,-358.22,16.39,30.15
1165,12/04/07,09:35,146550,146625,146250,146475,-285.61,13.84,24.89
1166,12/04/07,09:40,146475,146525,146400,146425,-225.24,10.76,13.66
1167,12/04/07,09:45,146425,146650,146375,146575,-151.3,20,14.87
1168,12/04/07,09:50,146575,146625,146400,146500,-134.27,15.38,15.38
1169,12/04/07,09:55,146475,146900,146475,146875,-64.2,38.46,24.61
1170,12/04/07,10:00,146850,146900,146750,146750,-72.91,30.76,28.2
1171,12/04/07,10:05,146750,146800,146575,146650,-77.06,24.61,31.28
1172,12/04/07,10:10,146625,146850,146600,146850,-42.7,36.92,30.76
1173,12/04/07,10:15,146850,146875,146650,146700,-58.26,27.69,29.74
1174,12/04/07,10:20,146700,146750,146550,146650,-59.34,26.22,30.28
1175,12/04/07,10:25,146675,146950,146650,146850,-28.28,47.05,33.66
1176,12/04/07,10:30,146850,147025,146800,146825,-27.29,45.09,39.46
1177,12/04/07,10:35,146825,146900,146725,146825,-22.68,74.19,55.45
1178,12/04/07,10:40,146825,146975,146725,146975,11.01,93.54,70.94
1179,12/04/07,10:45,146950,147050,146750,146775,-23.94,59.25,75.66
1180,12/04/07,10:50,146750,146850,146700,146725,-29.43,51.85,68.21
1181,12/04/07,10:55,146750,146900,146700,146750,-12.29,53.84,54.98
1182,12/04/07,11:00,146725,146800,146650,146775,10.15,52.17,52.62
1183,12/04/07,11:05,146750,146925,146675,146850,73.13,60,55.34
1184,12/04/07,11:10,146850,147025,146800,147025,153.79,95,69.05
1185,12/04/07,11:15,147025,147025,146825,146900,80.58,70,74
1186,12/04/07,11:20,146875,147050,146850,146875,60,65,76.66
1187,12/04/07,11:25,146875,146900,146675,146700,-64.88,30,54
1188,12/04/07,11:30,146675,146775,146625,146675,-98.03,11.76,35.58
1189,12/04/07,11:35,146675,146700,146550,146650,-105.56,20,20.58
1190,12/04/07,11:40,146625,146750,146550,146750,-29.48,40,23.92
1191,12/04/07,11:45,146725,146800,146650,146725,-53.41,35,31.66
1192,12/04/07,11:50,146725,146800,146600,146775,-11.24,45,39
1193,12/04/07,11:55,146775,146775,146525,146625,-126.23,19.04,33.01
1194,12/04/07,12:00,146625,146850,146600,146800,6.3,52.38,38.8
1195,12/04/07,12:05,146800,146925,146800,146825,28.89,57.14,42.85
1196,12/04/07,12:10,146825,146925,146725,146800,8.71,52.38,53.96
1197,12/04/07,12:15,146800,146975,146750,146875,69.4,66.66,58.73
1198,12/04/07,12:20,146875,147000,146850,146950,135.9,80.95,66.66
1199,12/04/07,12:25,146925,147075,146925,147025,164.8,90.9,79.5
1200,12/04/07,12:30,147000,147025,146925,147000,125.75,86.36,86.07
1201,12/04/07,12:35,146975,147050,146850,146875,35.49,63.63,80.3
1202,12/04/07,12:40,146875,146950,146825,146925,63.29,72.72,74.24
1203,12/04/07,12:45,146950,147225,146925,147175,189.85,92.85,76.4
1204,12/04/07,12:50,147175,147200,147050,147050,115.41,75,80.19
1205,12/04/07,12:55,147050,147150,147050,147100,127.39,82.14,83.33
1206,12/04/07,13:00,147075,147250,147075,147175,142.18,89.65,82.26
1207,12/04/07,13:05,147175,147225,147000,147025,63.6,65.38,79.06
1208,12/04/07,13:10,147000,147050,146900,146975,34.56,47.61,67.55
1209,12/04/07,13:15,146975,147025,146900,146900,-9.52,33.33,48.77
1210,12/04/07,13:20,146925,146950,146850,146900,-14.49,30,36.98
1211,12/04/07,13:25,146900,146900,146775,146825,-63.34,10.52,24.61
1212,12/04/07,13:30,146825,146900,146750,146850,-52.11,20,20.17
1213,12/04/07,13:35,146850,146900,146775,146875,-49.54,25,18.5
1214,12/04/07,13:40,146875,147000,146800,146950,-2.79,40,28.33
1215,12/04/07,13:45,146975,147050,146925,147000,28.98,50,38.33
1216,12/04/07,13:50,147000,147025,146875,146925,-36.17,35,41.66
1217,12/04/07,13:55,146900,146950,146775,146900,-58.7,30,38.33
1218,12/04/07,14:00,146875,146900,146575,146675,-204.08,14.81,26.6
1219,12/04/07,14:05,146675,146700,146550,146650,-189.3,14.28,19.7
1220,12/04/07,14:10,146625,146725,146500,146675,-150.95,24.13,17.74
1221,12/04/07,14:15,146675,146725,146625,146675,-132.63,31.81,23.41
1222,12/04/07,14:20,146675,146800,146575,146600,-147.31,18.18,24.71
1223,12/04/07,14:25,146600,146775,146500,146700,-86.48,36.36,28.78
1224,12/04/07,14:30,146700,146800,146650,146650,-98.56,27.27,27.27
1225,12/04/07,14:35,146650,146850,146650,146750,-42.82,45.45,36.36
1226,12/04/07,14:40,146750,146825,146650,146725,-47.86,40.9,37.87
1227,12/04/07,14:45,146725,146850,146650,146775,-14.23,50,45.45
1228,12/04/07,14:50,146775,146950,146725,146900,65.11,72.72,54.54
1229,12/04/07,14:55,146900,147025,146775,146925,78.92,80.95,67.89
1230,12/04/07,15:00,146925,146975,146825,146875,49.61,71.42,75.03
1231,12/04/07,15:05,146900,146925,146700,146875,46.96,71.42,74.6
1232,12/04/07,15:10,146875,147025,146825,146925,72.52,80.95,74.6
1233,12/04/07,15:15,146925,147025,146850,146975,94.73,90.47,80.95
1234,12/04/07,15:20,146975,147100,146850,147075,140,95.83,89.08
1235,12/04/07,15:25,147075,147075,146725,146800,-1.44,50,78.76
1236,12/04/07,15:30,146800,146825,146650,146800,2.29,50,65.27
1237,12/04/07,15:35,146800,146925,146625,146650,-81.33,5.26,35.08
1238,12/04/07,15:40,146650,146650,146400,146625,-93.1,32.14,29.13
1239,12/04/07,15:45,146625,146650,146450,146550,-129.6,21.42,19.61
1240,12/04/07,15:50,146575,146625,146450,146600,-95.83,28.57,27.38
1241,12/04/07,15:55,146600,146625,146425,146500,-136.56,14.28,21.42
1242,12/05/07,09:30,147775,147925,147750,147850,381.28,95.08,45.97
1243,12/05/07,09:35,147850,147975,147750,147925,292.76,96.82,68.73
1244,12/05/07,09:40,147900,148025,147675,147800,196.55,86.15,92.68
1245,12/05/07,09:45,147775,148075,147775,147850,161.9,86.56,89.84
1246,12/05/07,09:50,147850,147925,147775,147800,125.07,83.58,85.43
1247,12/05/07,09:55,147825,148050,147775,147975,127.09,94.02,88.05
1248,12/05/07,10:00,147925,148225,147775,148200,132.23,98.63,92.08
1249,12/05/07,10:05,148225,148225,147925,147950,87.11,84.93,92.53
1250,12/05/07,10:10,147950,148075,147800,147850,66.91,79.45,87.67
1251,12/05/07,10:15,147825,147900,147750,147900,65.51,82.19,82.19
1252,12/05/07,10:20,147875,147900,147750,147825,51.72,77.77,79.8
1253,12/05/07,10:25,147800,147975,147775,147925,57.95,83.33,81.1
1254,12/05/07,10:30,147925,147975,147800,147900,50.83,81.94,81.01
1255,12/05/07,10:35,147875,148050,147875,147950,52.9,50,71.75
1256,12/05/07,10:40,147950,148150,147950,148100,68.41,77.27,69.73
1257,12/05/07,10:45,148100,148300,148075,148225,85.13,88,71.75
1258,12/05/07,10:50,148200,148250,148125,148200,84.93,81.81,82.36
1259,12/05/07,10:55,148175,148250,148125,148225,101.43,86.36,85.39
1260,12/05/07,11:00,148225,148300,148125,148175,95.23,77.27,81.81
1261,12/05/07,11:05,148175,148325,148150,148250,120.41,86.95,83.53
1262,12/05/07,11:10,148275,148550,148250,148500,189.68,93.75,85.99
1263,12/05/07,11:15,148475,148550,148450,148500,157.8,93.75,91.48
1264,12/05/07,11:20,148500,148650,148475,148600,166.25,94.44,93.98
1265,12/05/07,11:25,148600,148750,148575,148725,176.64,97.5,95.23
1266,12/05/07,11:30,148725,148775,148600,148600,125.51,82.5,91.48
1267,12/05/07,11:35,148625,148675,148575,148625,117.43,84.61,88.2
1268,12/05/07,11:40,148625,148775,148575,148725,123.8,94.44,87.18
1269,12/05/07,11:45,148750,148875,148700,148775,117.31,89.18,89.41
1270,12/05/07,11:50,148775,148800,148725,148750,98.45,84.37,89.33
1271,12/05/07,11:55,148750,148800,148725,148775,93.67,86.66,86.74
1272,12/05/07,12:00,148775,148850,148700,148750,80.81,83.33,84.79
1273,12/05/07,12:05,148750,148775,148675,148675,57.7,73.33,81.11
1274,12/05/07,12:10,148675,148725,148600,148600,33.27,62.06,72.91
1275,12/05/07,12:15,148600,148700,148575,148650,43.02,64,66.46
1276,12/05/07,12:20,148675,148675,148625,148650,38.21,47.05,57.7
1277,12/05/07,12:25,148650,148750,148650,148675,43.84,50,53.68
1278,12/05/07,12:30,148650,148775,148650,148750,75.03,58.33,51.79
1279,12/05/07,12:35,148750,148775,148700,148725,59.14,50,52.77
1280,12/05/07,12:40,148725,148825,148725,148825,120.8,83.33,63.88
1281,12/05/07,12:45,148825,148900,148775,148775,82.22,61.53,64.95
1282,12/05/07,12:50,148775,148800,148450,148500,-162.22,11.11,51.99
1283,12/05/07,12:55,148500,148525,148150,148325,-276.78,23.33,31.99
1284,12/05/07,13:00,148300,148475,148225,148400,-183.15,33.33,22.59
1285,12/05/07,13:05,148400,148425,148100,148100,-277.88,0,18.88
1286,12/05/07,13:10,148125,148225,148000,148200,-177.41,22.22,18.51
1287,12/05/07,13:15,148175,148200,148000,148000,-197.45,0,7.4
1288,12/05/07,13:20,148000,148200,147950,148100,-134.83,15.78,12.67
1289,12/05/07,13:25,148125,148200,148075,148150,-103.5,21.05,12.28
1290,12/05/07,13:30,148175,148400,148150,148325,-48.31,39.47,25.43
1291,12/05/07,13:35,148350,148450,148325,148375,-29.42,44.73,35.08
1292,12/05/07,13:40,148375,148425,148300,148350,-31.85,42.1,42.1
1293,12/05/07,13:45,148350,148500,148325,148475,8.52,55.26,47.36
1294,12/05/07,13:50,148475,148575,148425,148525,25.64,60.52,52.63
1295,12/05/07,13:55,148550,148650,148450,148525,28.45,67.64,61.14
1296,12/05/07,14:00,148525,148600,148450,148575,46.79,89.28,72.48
1297,12/05/07,14:05,148600,148650,148525,148600,57.38,92.85,83.26
1298,12/05/07,14:10,148600,148675,148525,148550,46.22,82.75,88.3
1299,12/05/07,14:15,148525,148550,148375,148425,7.72,65.51,80.37
1300,12/05/07,14:20,148425,148450,147875,147950,-156.55,9.37,52.55
1301,12/05/07,14:25,147925,148050,147850,147975,-130.13,15.15,30.01
1302,12/05/07,14:30,147975,148200,147900,148175,-48.41,39.39,21.3
1303,12/05/07,14:35,148200,148200,148000,148050,-83.71,24.24,26.26
1304,12/05/07,14:40,148075,148225,148025,148150,-44.3,36.36,33.33
1305,12/05/07,14:45,148175,148275,148150,148200,-29.58,42.42,34.34
1306,12/05/07,14:50,148225,148225,147725,147850,-134.54,13.15,30.64
1307,12/05/07,14:55,147825,148025,147725,147975,-93.17,26.31,27.29
1308,12/05/07,15:00,147975,148050,147875,147975,-88.49,26.31,21.92
1309,12/05/07,15:05,147950,148050,147900,148000,-75.7,28.94,27.19
1310,12/05/07,15:10,148000,148325,148000,148275,8,57.89,37.71
1311,12/05/07,15:15,148275,148450,148150,148425,52.35,73.68,53.5
1312,12/05/07,15:20,148425,148550,148350,148375,36.7,78.78,70.12
1313,12/05/07,15:25,148375,148500,148300,148350,31.98,75.75,76.07
1314,12/05/07,15:30,148350,148450,148250,148350,36.14,75.75,76.76
1315,12/05/07,15:35,148350,148650,148325,148600,113.21,94.59,82.03
1316,12/05/07,15:40,148575,148825,148500,148775,157.81,95.45,88.6
1317,12/05/07,15:45,148750,148750,148550,148675,124.44,86.36,92.13
1318,12/05/07,15:50,148675,148725,148575,148600,100.36,79.54,87.12
1319,12/05/07,15:55,148600,148800,148575,148700,118.48,88.63,84.84
1320,12/06/07,09:30,148475,148600,148400,148550,69.45,75,81.06
1321,12/06/07,09:35,148575,148750,148550,148700,101.22,86.84,83.49
1322,12/06/07,09:40,148725,148850,148700,148750,102.84,89.47,83.77
1323,12/06/07,09:45,148750,149000,148725,148975,142.85,97.5,91.27
1324,12/06/07,09:50,149000,149075,148900,148975,125.79,89.18,92.05
1325,12/06/07,09:55,148975,149175,148975,148975,112.56,78.37,88.35
1326,12/06/07,10:00,148975,149125,148900,149050,122.95,86.48,84.68
1327,12/06/07,10:05,149050,149075,148925,149075,121.03,89.18,84.68
1328,12/06/07,10:10,149075,149275,149025,149075,112.82,78.94,84.87
1329,12/06/07,10:15,149050,149150,148950,148975,79.07,65.71,77.95
1330,12/06/07,10:20,148950,149150,148850,148900,50,57.14,67.26
1331,12/06/07,10:25,148875,149000,148825,148950,59.3,62.85,61.9
1332,12/06/07,10:30,148950,149000,148775,148850,20.44,51.42,57.14
1333,12/06/07,10:35,148875,148925,148750,148900,31.74,57.14,57.14
1334,12/06/07,10:40,148925,148950,148800,148950,45.97,55.17,54.58
1335,12/06/07,10:45,148950,149100,148925,149025,74.81,56.52,56.27
1336,12/06/07,10:50,149000,149225,148950,149200,144.11,86.36,66.01
1337,12/06/07,10:55,149175,149200,149025,149150,112.92,76.19,73.02
1338,12/06/07,11:00,149150,149175,148900,148900,-17.36,28.57,63.7
1339,12/06/07,11:05,148900,149125,148850,149050,61.85,57.14,53.96
1340,12/06/07,11:10,149050,149175,148950,149175,135.41,80.95,55.55
1341,12/06/07,11:15,149175,149275,149100,149225,150.53,90.47,76.19
1342,12/06/07,11:20,149250,149425,149075,149350,204.31,88.88,86.77
1343,12/06/07,11:25,149350,149400,149300,149350,169.54,88.88,89.41
1344,12/06/07,11:30,149325,149425,149250,149250,98.13,74.07,83.95
1345,12/06/07,11:35,149275,149350,149225,149250,86.56,74.07,79.01
1346,12/06/07,11:40,149250,149475,149250,149375,128.22,86.2,78.11
1347,12/06/07,11:45,149375,149450,149300,149325,92.68,77.77,79.35
1348,12/06/07,11:50,149325,149400,149250,149275,64.41,68,77.32
1349,12/06/07,11:55,149300,149425,149275,149375,97.09,84,76.59
1350,12/06/07,12:00,149350,149525,149350,149475,128.28,92.59,81.53
1351,12/06/07,12:05,149475,149600,149450,149500,127.63,86.66,87.75
1352,12/06/07,12:10,149500,149500,149350,149375,70.02,70,83.08
1353,12/06/07,12:15,149375,149400,149325,149375,65.13,65.38,74.01
1354,12/06/07,12:20,149350,149475,149325,149425,84.27,66.66,67.35
1355,12/06/07,12:25,149425,149425,149300,149400,64.61,61.9,64.65
1356,12/06/07,12:30,149375,149475,149350,149450,85.88,60,62.85
1357,12/06/07,12:35,149450,149550,149425,149500,107.62,73.33,65.07
1358,12/06/07,12:40,149500,149525,149425,149475,94.43,66.66,66.66
1359,12/06/07,12:45,149500,149600,149475,149525,130.34,78.57,72.85
1360,12/06/07,12:50,149550,149550,149425,149500,98.72,71.42,72.22
1361,12/06/07,12:55,149500,149675,149475,149650,197.53,94.11,81.37
1362,12/06/07,13:00,149650,149775,149625,149725,209.82,90,85.18
1363,12/06/07,13:05,149725,149725,149575,149625,121.66,68.42,84.17
1364,12/06/07,13:10,149600,149650,149550,149600,95.72,63.15,73.85
1365,12/06/07,13:15,149575,149600,149425,149450,-15.23,31.57,54.38
1366,12/06/07,13:20,149450,149575,149425,149500,18.87,42.1,45.61
1367,12/06/07,13:25,149475,149525,149425,149475,-7.56,36.84,36.84
1368,12/06/07,13:30,149475,149500,149300,149375,-104.41,15.78,31.57
1369,12/06/07,13:35,149375,149500,149325,149450,-40.91,31.57,28.07
1370,12/06/07,13:40,149450,149625,149425,149600,91.52,63.15,36.84
1371,12/06/07,13:45,149575,149600,149350,149475,-20.06,36.84,43.85
1372,12/06/07,13:50,149475,149500,149375,149425,-68.96,26.31,42.1
1373,12/06/07,13:55,149425,149450,149250,149325,-153.84,14.28,25.81
1374,12/06/07,14:00,149325,149400,149275,149300,-158.63,9.52,16.7
1375,12/06/07,14:05,149300,149625,149275,149575,62.5,61.9,28.57
1376,12/06/07,14:10,149575,149675,149550,149600,73.41,73.68,48.37
1377,12/06/07,14:15,149600,149775,149550,149750,158.07,95.23,76.94
1378,12/06/07,14:20,149750,149850,149700,149750,134.57,83.33,84.08
1379,12/06/07,14:25,149750,149900,149675,149875,174.41,96.15,91.57
1380,12/06/07,14:30,149875,150100,149850,150075,227.58,97.05,92.18
1381,12/06/07,14:35,150075,150250,149950,150150,211.85,90,94.4
1382,12/06/07,14:40,150150,150400,150150,150400,234.14,100,95.68
1383,12/06/07,14:45,150375,150425,150250,150300,161.36,89.36,93.12
1384,12/06/07,14:50,150300,150400,150275,150275,129.62,87.23,92.19
1385,12/06/07,14:55,150275,150325,150225,150250,108.02,85.1,87.23
1386,12/06/07,15:00,150250,150600,150250,150575,147.61,98.14,90.16
1387,12/06/07,15:05,150575,150700,150475,150500,115.68,85.96,89.73
1388,12/06/07,15:10,150525,150550,150350,150400,87.22,78.94,87.68
1389,12/06/07,15:15,150400,150575,150375,150425,82.3,76.08,80.33
1390,12/06/07,15:20,150450,150600,150425,150525,90.11,84.78,79.93
1391,12/06/07,15:25,150525,150700,150475,150650,102.81,95.12,85.33
1392,12/06/07,15:30,150675,150675,150425,150525,75.77,82.92,87.61
1393,12/06/07,15:35,150525,150850,150525,150800,120.41,95,91.01
1394,12/06/07,15:40,150800,150950,150675,150700,98.39,75,84.3
1395,12/06/07,15:45,150700,150875,150675,150875,129.59,90.62,86.87
1396,12/06/07,15:50,150875,151075,150825,150975,145.56,88.23,84.62
1397,12/06/07,15:55,150950,151025,150875,150950,129.14,85.29,88.05
1398,12/07/07,09:30,151225,151300,150950,151000,132.31,72.09,81.87
1399,12/07/07,09:35,150975,151075,150850,151025,125.1,73.8,77.06
1400,12/07/07,09:40,151000,151225,151000,151225,155.69,92.1,79.33
1401,12/07/07,09:45,151200,151325,151050,151050,98.68,71.79,79.23
1402,12/07/07,09:50,151050,151075,150825,150975,71.19,63.15,75.68
1403,12/07/07,09:55,150975,151125,150875,151000,69.96,63.88,66.28
1404,12/07/07,10:00,151000,151200,150900,151100,88.59,75,67.34
1405,12/07/07,10:05,151075,151125,150825,150950,42.02,58.33,65.74
1406,12/07/07,10:10,150925,151100,150850,151025,59.44,62.5,65.27
1407,12/07/07,10:15,151025,151100,150900,151050,62.79,57.69,59.5
1408,12/07/07,10:20,151050,151050,150875,150900,5.38,34.61,51.6
1409,12/07/07,10:25,150900,151025,150725,150750,-68.004,4.16,32.15
1410,12/07/07,10:30,150775,150825,150625,150700,-101.31,10.71,16.49
1411,12/07/07,10:35,150725,150800,150675,150775,-72.24,21.42,12.1
1412,12/07/07,10:40,150775,150825,150650,150675,-136.05,7.14,13.09
1413,12/07/07,10:45,150700,150725,150575,150675,-125,13.33,13.96
1414,12/07/07,10:50,150650,150725,150625,150650,-133.45,10,10.15
1415,12/07/07,10:55,150625,150775,150575,150750,-75.91,28,17.11
1416,12/07/07,11:00,150775,150900,150700,150750,-67.69,28,21
1417,12/07/07,11:05,150750,150875,150725,150750,-60.7,28,27
1418,12/07/07,11:10,150775,150825,150650,150725,-64.51,27.27,27.75
1419,12/07/07,11:15,150750,150850,150700,150750,-48.67,33.33,29.53
1420,12/07/07,11:20,150775,150775,150700,150750,-43.2,33.33,31.31
1421,12/07/07,11:25,150725,150850,150700,150725,-51.28,31.57,32.74
1422,12/07/07,11:30,150750,150900,150725,150900,45.73,72.22,45.71
1423,12/07/07,11:35,150900,151100,150875,151025,112.82,85.71,63.17
1424,12/07/07,11:40,151050,151150,151025,151125,164.64,95.65,84.52
1425,12/07/07,11:45,151150,151250,151075,151250,193.47,100,93.78
1426,12/07/07,11:50,151250,151275,151125,151175,145.11,85.71,93.78
1427,12/07/07,11:55,151175,151175,151050,151125,117.89,78.57,88.09
1428,12/07/07,12:00,151125,151150,151025,151075,86.78,71.42,78.57
1429,12/07/07,12:05,151075,151125,151050,151050,67.98,64,71.33
1430,12/07/07,12:10,151075,151175,151000,151150,93.17,80,71.8
1431,12/07/07,12:15,151150,151225,151100,151100,67.23,72,71
1432,12/07/07,12:20,151125,151200,151100,151150,76.31,78.26,76.75
1433,12/07/07,12:25,151150,151150,151050,151075,44.81,65.21,71.82
1434,12/07/07,12:30,151075,151100,151025,151025,21.45,56.52,66.66
1435,12/07/07,12:35,151025,151075,151000,151025,17.25,54.54,58.76
1436,12/07/07,12:40,151050,151100,151000,151075,34.93,50,53.68
1437,12/07/07,12:45,151075,151125,151050,151075,30.97,27.27,43.93
1438,12/07/07,12:50,151100,151125,151025,151025,-4.83,9.09,28.78
1439,12/07/07,12:55,151025,151050,150950,150950,-67.39,0,12.12
1440,12/07/07,13:00,150975,150975,150900,150900,-121.21,0,3.03
1441,12/07/07,13:05,150900,150925,150825,150875,-163.86,12.5,4.16
1442,12/07/07,13:10,150875,150975,150825,150925,-122.35,25,12.5
1443,12/07/07,13:15,150925,150950,150750,150875,-144.83,26.31,21.27
1444,12/07/07,13:20,150875,150925,150650,150700,-226.8,8.69,20.003
1445,12/07/07,13:25,150675,150700,150525,150650,-207.4,18.51,17.84
1446,12/07/07,13:30,150650,150725,150625,150700,-149.12,28,18.4
1447,12/07/07,13:35,150675,150725,150600,150625,-159.77,16.66,21.06
1448,12/07/07,13:40,150625,150825,150550,150800,-66.06,45.83,30.16
1449,12/07/07,13:45,150775,150925,150775,150875,-26.29,58.33,40.27
1450,12/07/07,13:50,150850,150850,150750,150825,-44.87,50,51.38
1451,12/07/07,13:55,150800,150850,150750,150825,-39.73,50,52.77
1452,12/07/07,14:00,150825,150900,150775,150875,-6.006,66.66,55.55
1453,12/07/07,14:05,150875,150975,150800,150925,30.81,88.88,68.51
1454,12/07/07,14:10,150925,151025,150750,150825,-28.61,60,71.85
1455,12/07/07,14:15,150825,150900,150675,150725,-85.21,40,62.96
1456,12/07/07,14:20,150750,150825,150700,150800,-28.31,55,51.66
1457,12/07/07,14:25,150825,150825,150725,150800,-20.83,55,49
1458,12/07/07,14:30,150800,151025,150775,150975,130.34,90,66.66
1459,12/07/07,14:35,150975,151125,150925,151075,195.14,91.3,78.76
1460,12/07/07,14:40,151100,151100,150975,151000,123.66,78.26,86.52
1461,12/07/07,14:45,151000,151025,150825,150900,47.61,60.86,76.81
1462,12/07/07,14:50,150875,150900,150725,150750,-57.11,16.66,51.93
1463,12/07/07,14:55,150725,150850,150725,150850,19.04,38.88,38.8
1464,12/07/07,15:00,150850,150900,150725,150825,-5.05,33.33,29.62
1465,12/07/07,15:05,150825,151075,150825,150925,67.08,55.55,42.59
1466,12/07/07,15:10,150925,151175,150850,151050,149.25,75,54.62
1467,12/07/07,15:15,151050,151100,150925,150950,61.68,55,61.85
1468,12/07/07,15:20,150950,151075,150850,150975,74.07,60,63.33
1469,12/07/07,15:25,151000,151025,150850,150900,9.52,42.1,52.36
1470,12/07/07,15:30,150925,150925,150600,150750,-109.09,26.08,42.73
1471,12/07/07,15:35,150750,150850,150600,150825,-48.48,39.13,35.77
1472,12/07/07,15:40,150825,150850,150600,150675,-144.14,13.04,26.08
1473,12/07/07,15:45,150650,150825,150650,150675,-126.58,13.04,21.73
1474,12/07/07,15:50,150675,150700,150450,150525,-191.11,10.34,12.14
1475,12/07/07,15:55,150525,150700,150500,150550,-158.76,13.79,12.39
