Bar,Date,Time,Open,High,Low,Close,Vol,ADX(1414),+DI(1414),-DI(1414)
1,12/06/05,00:00,88.56,89.84,88.56,89.14,4871500,,,
2,12/07/05,00:00,89.00,89.92,88.45,88.72,5284000,,,
3,12/08/05,00:00,88.57,88.91,86.67,87.50,5786900,,,
4,12/09/05,00:00,86.80,87.10,86.33,86.97,6464700,,,
5,12/12/05,00:00,87.01,87.35,85.76,85.96,6044200,,,
6,12/13/05,00:00,84.50,84.90,83.50,83.71,12545300,,,
7,12/14/05,00:00,83.65,83.95,82.95,83.13,7161800,,,
8,12/15/05,00:00,82.88,83.63,82.75,83.53,6155900,,,
9,12/16/05,00:00,83.89,84.00,83.00,83.37,7398200,,,
10,12/19/05,00:00,83.23,83.60,82.65,82.76,4984500,,,
11,12/20/05,00:00,82.95,83.10,82.06,82.48,5276200,,,
12,12/21/05,00:00,82.46,84.00,82.46,83.12,6846800,,,
13,12/22/05,00:00,82.61,83.23,82.30,83.22,6573600,,,
14,12/23/05,00:00,84.00,84.20,83.39,83.48,3616200,,13.35,39.88
15,12/27/05,00:00,83.48,84.50,82.89,82.99,4389600,,12.05,39.02
16,12/28/05,00:00,83.10,83.57,82.80,83.04,4104600,,11.48,37.72
17,12/29/05,00:00,82.80,83.06,82.22,82.40,3958400,,10.87,39.38
18,12/30/05,00:00,81.85,82.49,81.56,82.20,5449000,,10.22,41.26
19,01/03/06,00:00,82.45,82.55,80.81,82.06,11715200,,9.13,41.46
20,01/04/06,00:00,82.20,82.50,81.33,81.95,9837800,,8.47,38.47
21,01/05/06,00:00,81.40,82.90,81.00,82.50,7213500,,9.88,34.17
22,01/06/06,00:00,83.95,85.03,83.41,84.95,8197300,,20.14,29.45
23,01/09/06,00:00,83.90,84.25,83.38,83.73,6857800,,18.44,27.12
24,01/10/06,00:00,83.15,84.12,83.12,84.07,5701000,,17.43,27.06
25,01/11/06,00:00,84.37,84.81,83.40,84.17,5776400,,19.85,24.98
26,01/12/06,00:00,83.82,83.96,83.40,83.57,4924100,,18.99,23.9
27,01/13/06,00:00,83.00,83.45,82.50,83.17,6921700,,17.84,27.56
28,01/17/06,00:00,82.80,83.16,82.54,83.00,8758800,,17.17,26.53
29,01/18/06,00:00,84.00,84.70,83.52,83.80,11031500,,24.32,23.95
30,01/19/06,00:00,84.14,84.39,83.02,83.09,6483600,,22.42,24.93
31,01/20/06,00:00,83.04,83.05,81.25,81.36,8614500,,20.15,32.14
32,01/23/06,00:00,81.33,81.92,80.92,81.41,6114100,,19.03,32.19
33,01/24/06,00:00,81.39,82.15,80.80,80.85,6069000,,18.88,29.77
34,01/25/06,00:00,81.05,81.62,80.61,80.91,6374300,,17.8,29.14
35,01/26/06,00:00,81.50,81.65,80.59,80.72,7810200,,16.89,27.37
36,01/27/06,00:00,80.75,81.77,80.75,81.02,6103400,,16.56,25.71
37,01/30/06,00:00,81.02,81.81,80.21,81.63,5325100,,15.05,26.44
38,01/31/06,00:00,81.50,82.00,81.17,81.30,6771600,,15.43,25.16
39,02/01/06,00:00,80.90,82.24,80.65,81.94,5417100,,14.04,25.85
40,02/02/06,00:00,81.45,81.59,80.90,81.23,6198000,,13.19,24.3
41,02/03/06,00:00,80.55,80.77,79.72,79.97,9852400,59.87,12.06,28.91
42,02/06/06,00:00,79.94,79.95,78.93,79.51,9568600,58.97,11.34,31.72
43,02/07/06,00:00,79.50,80.19,79.30,79.85,5252800,57.78,12.16,30.06
44,02/08/06,00:00,80.58,80.90,80.24,80.80,5030500,55.71,15.61,28.19
45,02/09/06,00:00,80.40,80.80,79.50,80.40,7609200,54.28,14.41,30.39
46,02/10/06,00:00,80.40,81.46,80.20,81.33,5371900,52.12,17.22,28.14
47,02/13/06,00:00,81.33,81.91,80.18,80.44,5257400,49.59,18.09,25.37
48,02/14/06,00:00,80.55,81.45,80.35,81.09,6075500,47.25,16.94,23.76
49,02/15/06,00:00,80.86,81.50,80.50,80.85,5052000,45.01,16.25,22.38
50,02/16/06,00:00,80.68,80.91,80.13,80.91,5310500,43.27,15.49,23.55
51,02/17/06,00:00,80.91,81.03,80.13,80.71,5298800,41.48,15.37,22.26
52,02/21/06,00:00,80.10,80.75,79.97,80.50,5838500,39.98,14.62,22.17
53,02/22/06,00:00,80.00,81.65,79.97,81.35,5294300,37.38,18.57,19.92
54,02/23/06,00:00,81.20,81.34,80.04,80.20,4979400,34.96,17.11,18.35
55,02/24/06,00:00,80.65,80.65,79.85,80.10,3903800,32.94,16.27,18.62
56,02/27/06,00:00,79.97,80.89,79.95,80.63,3787100,30.74,16.81,17.53
57,02/28/06,00:00,80.10,80.55,79.71,80.24,5960700,29.006,15.84,18.03
58,03/01/06,00:00,80.20,80.81,79.78,79.90,5211600,27.01,16.45,16.85
59,03/02/06,00:00,79.55,80.21,79.54,79.94,4418800,25.5,15.73,17.68
60,03/03/06,00:00,79.51,80.83,79.51,79.96,4354400,24.14,18.39,16.17
61,03/06/06,00:00,79.91,80.64,79.90,80.00,4709500,22.87,17.49,15.38
62,03/07/06,00:00,80.01,80.79,79.86,80.29,4330800,21.9,17.41,14.43
63,03/08/06,00:00,80.25,81.60,80.25,81.14,5569900,22.01,21.17,13.15
64,03/09/06,00:00,81.26,81.98,80.80,81.02,4310700,22.5,22.02,12.14
65,03/10/06,00:00,81.03,82.25,81.03,81.57,4787200,23.22,22.01,11.18
66,03/13/06,00:00,81.56,82.40,81.45,81.93,4571400,24.04,21.63,10.48
67,03/14/06,00:00,81.51,82.99,81.47,82.88,4532700,25.33,23.28,9.47
68,03/15/06,00:00,82.65,83.76,82.64,83.38,5370400,27.11,26.52,8.8
69,03/16/06,00:00,83.43,83.72,82.61,82.87,4299500,28.69,24.65,8.37
70,03/17/06,00:00,83.35,83.41,82.82,83.30,6414500,30.16,23.69,8.04
71,03/20/06,00:00,83.11,83.75,82.99,83.58,3870300,31.78,24.76,7.63
72,03/21/06,00:00,83.82,84.99,83.58,83.81,7404300,34.02,30.61,6.93
73,03/22/06,00:00,83.35,84.68,83.35,84.45,4968600,35.61,27.98,7.82
74,03/23/06,00:00,84.23,84.27,82.93,83.20,5105800,36.25,25.3,9.71
75,03/24/06,00:00,82.99,83.72,82.99,83.36,4198800,36.84,24.11,9.25
76,03/27/06,00:00,82.98,83.26,82.58,83.08,3910100,36.57,22.87,11.48
77,03/28/06,00:00,82.86,83.39,82.29,82.43,4508600,35.79,21.21,12.56
78,03/29/06,00:00,82.20,83.55,82.20,83.13,4633800,35.23,20.39,11.46
79,03/30/06,00:00,82.88,83.70,82.83,83.20,4467000,34.88,20.21,10.81
80,03/31/06,00:00,82.95,83.60,82.29,82.47,5862000,33.53,18.49,13.39
81,04/03/06,00:00,82.72,83.59,82.65,83.06,4121600,32.28,17.15,12.42
82,04/04/06,00:00,83.05,83.78,82.80,83.45,3856200,31.37,17.3,11.62
83,04/05/06,00:00,83.33,84.45,83.32,84.17,5523900,31.34,20.38,10.77
84,04/06/06,00:00,83.70,84.32,83.36,83.81,4944100,31.3,19.1,10.09
85,04/07/06,00:00,83.60,83.80,82.44,82.48,5337500,29.57,17.41,15.13
86,04/10/06,00:00,82.27,82.74,82.00,82.10,3631300,27.61,16.56,17.3
87,04/11/06,00:00,81.83,82.06,80.75,81.16,5959700,27.25,15.11,23.89
88,04/12/06,00:00,81.10,81.37,80.63,80.75,3905700,27.03,14.36,23.52
89,04/13/06,00:00,81.18,82.60,81.12,81.98,4799700,25.15,20.46,20.77
90,04/17/06,00:00,81.92,82.92,81.40,81.64,4634200,23.66,20.51,18.82
91,04/18/06,00:00,81.89,83.53,81.70,83.31,7911800,22.92,21.83,16.72
92,04/19/06,00:00,83.95,84.00,81.26,81.86,10554800,22.67,21.13,14.24
93,04/20/06,00:00,81.65,82.85,81.64,82.02,6237200,22.44,19.74,13.3
94,04/21/06,00:00,82.49,82.50,81.38,81.66,6117400,21.85,18.52,13.91
95,04/24/06,00:00,81.30,82.41,81.10,82.11,6604100,20.91,17.19,14.45
96,04/25/06,00:00,81.95,82.90,81.60,82.67,6857200,20.58,18.65,13.41
97,04/26/06,00:00,82.84,83.48,82.71,83.35,6648800,20.86,21.08,12.8
98,04/27/06,00:00,82.70,84.40,82.70,83.88,8174300,21.88,24.17,11.6
99,04/28/06,00:00,83.51,83.62,81.98,82.34,8201800,21.79,21.72,14.27
100,05/01/06,00:00,82.59,83.31,82.10,82.23,6011400,21.72,20.31,13.34
101,05/02/06,00:00,82.11,82.74,82.00,82.42,4337000,21.5,19.47,13.34
102,05/03/06,00:00,82.54,83.29,82.45,82.70,5721100,21.82,21.64,12.68
103,05/04/06,00:00,82.87,83.09,82.40,82.43,3966900,22.05,20.76,12.46
104,05/05/06,00:00,82.95,83.34,82.70,83.28,4504700,22.5,21.12,11.79
105,05/08/06,00:00,82.60,83.22,82.30,82.89,3913300,22.25,19.87,13.51
106,05/09/06,00:00,82.49,83.29,82.41,83.23,4072800,22.1,19.22,12.77
107,05/10/06,00:00,82.90,83.33,82.60,82.90,3430400,22.01,18.58,12.18
108,05/11/06,00:00,82.65,83.09,82.45,82.46,5274500,21.65,17.81,12.65
109,05/12/06,00:00,82.47,83.69,82.30,82.39,5685700,22.03,20.06,11.52
110,05/15/06,00:00,81.80,83.15,81.80,82.89,5777700,21.49,18.35,13.7
111,05/16/06,00:00,83.00,83.25,82.07,82.16,4456200,21.12,17.62,12.68
112,05/17/06,00:00,81.75,82.21,81.02,81.27,5936400,20.03,16.3,18.32
113,05/18/06,00:00,80.50,81.35,80.03,80.66,5443600,20.1,14.97,22.96
114,05/19/06,00:00,80.86,81.00,79.51,80.28,7019100,20.64,13.61,24.04
115,05/22/06,00:00,79.83,80.34,79.40,80.02,6275900,21.24,12.82,23.32
116,05/23/06,00:00,80.25,81.30,79.64,79.83,5010300,20.42,17.29,21.01
117,05/24/06,00:00,79.35,80.04,79.06,79.78,7389600,20.23,16.26,23.27
118,05/25/06,00:00,79.89,80.18,79.65,80.14,3995000,19.86,16.6,22.5
119,05/26/06,00:00,80.16,80.86,79.70,80.75,3580800,18.65,19.67,20.85
120,05/30/06,00:00,80.35,80.96,80.15,80.16,5049100,17.4,19.29,19.77
121,05/31/06,00:00,80.15,80.83,79.61,79.90,6384900,16.86,17.79,21.67
122,06/01/06,00:00,79.89,80.87,79.81,80.69,4866500,16.31,16.83,20.2
123,06/02/06,00:00,80.50,80.56,79.15,79.52,7233300,16.5,15.22,22.38
124,06/05/06,00:00,79.10,80.04,79.01,79.06,5556000,16.83,14.23,21.81
125,06/06/06,00:00,79.06,79.90,78.50,79.76,7250600,17.62,13.005,23.07
126,06/07/06,00:00,79.78,80.74,79.12,79.15,7924800,17.13,16.78,20.83
127,06/08/06,00:00,78.55,79.58,76.75,77.03,13476500,18.52,14.18,30.56
128,06/09/06,00:00,77.24,78.10,77.05,77.63,6135400,19.81,13.34,28.75
129,06/12/06,00:00,77.63,78.09,77.01,77.02,4925000,21.03,12.53,27.23
130,06/13/06,00:00,77.14,77.93,76.82,76.93,7374200,22.3,11.75,26.6
131,06/14/06,00:00,76.93,77.85,76.93,77.71,6038600,23.47,11.12,25.19
132,06/15/06,00:00,77.85,78.78,76.95,78.56,6679600,23.2,15.18,22.62
133,06/16/06,00:00,78.44,78.53,77.57,77.95,8133500,22.95,14.32,21.35
134,06/19/06,00:00,77.90,78.30,77.34,77.67,5303100,22.93,13.53,21.49
135,06/20/06,00:00,77.84,78.30,77.25,77.99,6124500,23.006,12.7,20.7
136,06/21/06,00:00,77.99,78.56,77.98,78.30,5615900,22.66,13.83,19.97
137,06/22/06,00:00,78.16,78.37,77.00,77.19,5569000,23.26,12.69,24.2
138,06/23/06,00:00,77.15,77.84,76.94,77.10,4520600,23.88,12.002,23.24
139,06/26/06,00:00,77.04,77.52,76.80,77.15,3448000,24.58,11.46,23.07
140,06/27/06,00:00,77.32,77.60,76.32,76.63,5597000,25.63,10.54,24.22
141,06/28/06,00:00,76.53,76.60,76.06,76.56,4392200,26.81,10.16,25.006
142,06/29/06,00:00,76.89,77.80,76.56,77.59,5449200,25.97,17.02,23.02
143,06/30/06,00:00,77.70,77.93,76.79,76.82,7918800,25.006,16.61,21.34
144,07/03/06,00:00,77.54,78.27,77.27,78.02,3177300,23.64,17.23,19.41
145,07/05/06,00:00,78.00,78.39,77.52,77.77,4048200,22.21,17.04,18.34
146,07/06/06,00:00,77.59,78.53,77.57,78.09,4333100,20.69,16.89,17.2
147,07/07/06,00:00,78.09,78.09,76.12,76.42,6642600,20.89,14.86,23.97
148,07/10/06,00:00,76.18,76.83,75.87,76.67,7154700,21.29,13.98,24.09
149,07/11/06,00:00,76.25,76.65,75.44,76.47,6086500,22.03,12.93,24.91
150,07/12/06,00:00,76.07,76.30,74.82,75.48,8372100,23.2,11.65,26.16
151,07/13/06,00:00,75.01,75.28,73.83,74.24,8754700,24.91,10.54,29.4
152,07/14/06,00:00,74.24,74.30,73.37,73.57,6957800,26.76,9.96,30.5
153,07/17/06,00:00,73.35,73.94,73.20,73.70,6823100,28.57,9.51,30.16
154,07/18/06,00:00,73.70,74.42,72.73,74.26,8730500,29.45,11.39,27.16
155,07/19/06,00:00,76.00,77.06,76.00,76.07,14536900,27.47,23.9,23.06
156,07/20/06,00:00,75.73,75.88,75.20,75.48,12216500,26.04,22.75,26.37
157,07/21/06,00:00,75.49,75.50,74.50,74.86,8372500,25.22,21.47,28.82
158,07/24/06,00:00,74.92,76.15,74.92,75.99,5611200,23.87,23.56,26.73
159,07/25/06,00:00,75.99,76.41,75.31,75.89,5580300,22.38,23.57,25.07
160,07/26/06,00:00,75.48,76.30,75.36,75.83,3870100,21.008,22.29,23.71
161,07/27/06,00:00,75.83,77.29,75.75,76.15,6439100,20.15,25.96,21.64
162,07/28/06,00:00,76.38,77.30,76.26,76.96,4165700,19.37,24.31,20.22
163,07/31/06,00:00,76.44,77.50,76.15,77.41,5393000,18.81,23.58,18.67
164,08/01/06,00:00,76.65,77.38,75.75,76.14,4406800,17.87,21.41,19.17
165,08/02/06,00:00,76.21,76.93,76.20,76.32,3283800,16.98,20.44,18.3
166,08/03/06,00:00,76.00,76.73,74.90,76.33,2765800,16.66,18.38,23.63
167,08/04/06,00:00,76.65,76.77,75.32,75.91,5062400,16.32,17.14,21.76
168,08/07/06,00:00,75.63,76.20,75.28,75.52,4034100,16.04,16.25,20.86
169,08/08/06,00:00,75.63,76.26,75.11,75.33,3794700,15.95,15.2,20.46
170,08/09/06,00:00,75.56,76.28,75.39,75.39,4480800,15.83,14.49,19.34
171,08/10/06,00:00,75.20,76.08,75.05,75.74,3213600,16.08,13.62,20.16
172,08/11/06,00:00,75.34,75.78,75.20,75.48,3695800,16.32,13.14,19.45
173,08/14/06,00:00,76.05,77.49,75.60,76.68,4997400,15.94,21.46,17.21
174,08/15/06,00:00,76.90,77.14,76.31,77.08,5985400,15.58,20.41,16.36
175,08/16/06,00:00,77.48,79.28,77.35,79.09,7387200,16.97,29.82,14.36
176,08/17/06,00:00,78.93,79.56,78.53,79.37,5602300,18.42,29.67,13.52
177,08/18/06,00:00,79.38,79.97,78.63,79.90,5399700,20.02,29.74,12.51
178,08/21/06,00:00,79.51,79.88,78.87,79.28,3676500,21.5,27.99,11.77
179,08/22/06,00:00,79.28,79.55,78.61,78.95,4057200,22.49,26.46,12.64
180,08/23/06,00:00,78.95,79.47,78.42,78.67,3428500,23.12,24.83,12.97
181,08/24/06,00:00,78.90,79.50,78.87,79.38,3473300,23.74,23.78,12.33
182,08/25/06,00:00,79.20,80.00,79.14,79.88,3428100,24.71,25.58,11.68
183,08/28/06,00:00,79.91,80.47,79.76,80.32,5259400,25.95,27.4,11.16
184,08/29/06,00:00,80.06,81.48,80.06,81.40,5208500,27.73,31.24,10.17
185,08/30/06,00:00,81.26,81.68,80.84,81.22,4439000,29.49,30.85,9.64
186,08/31/06,00:00,81.30,81.50,80.78,80.97,3786200,31.02,29.41,9.57
187,09/01/06,00:00,81.13,81.57,80.81,81.41,3294000,32.48,28.39,9.09
188,09/05/06,00:00,81.19,81.54,80.60,80.85,3968500,33.42,26.61,9.92
189,09/06/06,00:00,80.29,80.69,80.17,80.28,3727600,33.48,25.36,12.41
190,09/07/06,00:00,79.90,80.38,79.31,79.40,3913600,32.15,23.5,17.39
191,09/08/06,00:00,79.60,80.86,79.35,80.66,4498600,31.41,24.33,15.65
192,09/11/06,00:00,80.60,81.20,80.25,80.93,4316200,31.04,25.06,14.65
193,09/12/06,00:00,81.14,82.50,81.06,82.28,5722200,31.7,30.93,13.16
194,09/13/06,00:00,82.25,82.70,81.84,82.21,4980200,32.44,30.5,12.42
195,09/14/06,00:00,81.90,83.00,81.74,82.47,4265300,33.33,29.95,11.4
196,09/15/06,00:00,83.21,83.59,82.79,82.94,8203800,34.51,31.6,10.57
197,09/18/06,00:00,82.56,83.21,82.17,82.24,4417600,34.6,29.46,13.9
198,09/19/06,00:00,81.97,82.09,81.42,81.87,5088600,33.64,27.85,18.12
199,09/20/06,00:00,82.37,83.79,82.20,83.42,7524600,33.93,35.18,15.93
200,09/21/06,00:00,82.61,83.25,81.35,81.61,8909000,33.2,30.85,19.02
201,09/22/06,00:00,81.75,82.12,81.01,81.21,4350200,32.15,28.81,19.79
202,09/25/06,00:00,81.65,82.28,81.28,82.00,5685100,31.3,27.92,18.52
203,09/26/06,00:00,81.90,82.66,81.70,82.50,4917900,30.8,28.6,17.43
204,09/27/06,00:00,82.00,82.67,81.71,82.09,5881600,30.34,26.96,16.4
205,09/28/06,00:00,81.85,82.35,81.72,81.99,4592900,29.91,25.88,15.74
206,09/29/06,00:00,81.90,82.79,81.77,81.94,4770700,29.88,27.01,14.7
207,10/02/06,00:00,81.76,82.47,81.58,81.87,4483300,29.57,25.44,15.09
208,10/03/06,00:00,81.88,82.26,81.56,81.65,4838500,29.25,24.25,14.52
209,10/04/06,00:00,81.65,83.25,81.63,83.10,6231900,29.79,28.11,13.003
210,10/05/06,00:00,82.81,83.21,82.60,82.92,4956700,30.28,26.96,12.47
211,10/06/06,00:00,82.93,83.78,82.50,83.14,5340900,31.17,28.44,11.42
212,10/09/06,00:00,83.14,84.08,83.00,84.00,4490200,32.2,28.39,10.61
213,10/10/06,00:00,83.71,84.63,83.56,84.19,4712900,33.51,30.01,9.86
214,10/11/06,00:00,84.15,84.69,83.79,84.19,5210600,34.76,28.6,9.27
215,10/12/06,00:00,84.20,84.90,84.10,84.70,4661700,36.06,28.49,8.77
216,10/13/06,00:00,84.45,86.21,84.44,86.08,7788600,37.95,33.71,7.76
217,10/16/06,00:00,86.08,87.60,85.75,86.71,8633600,40.21,38.44,6.87
218,10/17/06,00:00,86.33,87.94,86.22,86.95,13328800,42.42,36.52,6.17
219,10/18/06,00:00,90.51,92.04,89.73,89.82,27876200,45.25,47.38,4.65
220,10/19/06,00:00,89.80,90.98,89.31,89.86,10676400,47.36,43.58,6.29
221,10/20/06,00:00,90.04,90.70,89.55,90.48,7391600,49.32,41.14,5.94
222,10/23/06,00:00,90.05,92.00,90.01,91.56,8862300,51.37,43.42,5.37
223,10/24/06,00:00,90.91,91.95,90.80,91.49,9222500,53.26,41.01,5.07
224,10/25/06,00:00,91.21,91.99,90.94,91.83,6122100,55.04,39.08,4.81
225,10/26/06,00:00,91.83,91.93,91.25,91.54,4990300,56.68,37.72,4.64
226,10/27/06,00:00,90.91,91.89,90.58,90.76,5840300,57.18,35.17,7.78
227,10/30/06,00:00,89.80,92.00,89.80,91.50,5594100,56.58,31.34,10.79
228,10/31/06,00:00,91.50,92.68,91.50,92.33,9267600,56.31,32.9,10.15
229,11/01/06,00:00,92.50,92.68,91.50,91.80,5846200,56.06,30.93,9.55
230,11/02/06,00:00,91.80,91.95,91.25,91.68,4895100,55.47,29.79,10.51
231,11/03/06,00:00,91.76,92.34,91.18,91.41,4509200,55.12,30.02,9.86
232,11/06/06,00:00,91.50,92.74,91.50,92.60,6240900,54.98,30.03,9.16
233,11/07/06,00:00,92.42,93.40,92.41,92.75,7305200,55.15,31.99,8.67
234,11/08/06,00:00,92.25,92.92,92.01,92.59,6022200,54.7,30.38,10.45
235,11/09/06,00:00,92.59,93.19,92.37,92.42,4518900,54.41,30.5,9.96
236,11/10/06,00:00,92.30,92.35,91.63,91.76,5369600,53.07,29.09,13.83
237,11/13/06,00:00,91.55,92.43,91.41,92.07,4359400,51.51,27.33,14.3
238,11/14/06,00:00,92.00,93.29,91.65,93.29,5873000,50.64,29.71,12.94
239,11/15/06,00:00,93.08,93.28,92.54,93.11,4172800,49.83,28.38,12.37
240,11/16/06,00:00,93.07,93.60,92.60,93.47,4171500,49.28,28.6,11.62
241,11/17/06,00:00,93.42,94.05,93.31,93.81,5251000,49.05,30.07,11.09
242,11/20/06,00:00,93.60,93.80,93.01,93.25,5010600,48.36,28.55,12.43
243,11/21/06,00:00,93.01,93.43,92.85,93.08,3068500,47.46,27.47,13.006
244,11/22/06,00:00,92.90,93.74,92.80,93.52,3351700,46.86,27.81,12.19
245,11/24/06,00:00,93.05,93.75,92.98,93.35,2130600,46.3,26.43,11.56
246,11/27/06,00:00,92.71,93.24,91.12,91.45,6284000,43.18,22.75,21.58
247,11/28/06,00:00,90.65,91.57,90.43,91.35,4962500,40.61,21.13,24.36
248,11/29/06,00:00,91.35,91.66,91.01,91.52,4623000,38.11,20.82,23.33
249,11/30/06,00:00,91.35,92.48,91.25,91.92,6470700,35.85,24.43,21.5
250,12/01/06,00:00,91.90,91.91,90.55,91.25,5445400,33.55,22.32,24.05
251,12/04/06,00:00,92.50,93.95,92.25,93.51,7511500,32.59,30.56,20.33
252,12/05/06,00:00,93.51,94.64,93.44,94.48,6886200,32.14,32.42,18.92
253,12/06/06,00:00,94.48,94.87,94.01,94.12,5949700,31.86,32.13,17.97
254,12/07/06,00:00,94.00,94.43,93.55,94.23,4310800,31.11,30.44,19.77
255,12/08/06,00:00,93.65,94.39,93.47,93.86,4140700,30.31,28.73,19.16
256,12/11/06,00:00,93.72,94.35,93.56,93.64,3459200,29.57,27.32,18.21
257,12/12/06,00:00,93.60,94.85,93.30,94.12,7798300,29.28,27.78,16.49
258,12/13/06,00:00,94.78,95.33,94.50,94.77,6441300,29.36,28.65,15.28
259,12/14/06,00:00,94.97,95.72,94.54,95.36,4644200,29.71,28.97,14.19
260,12/15/06,00:00,95.61,95.80,95.05,95.30,8086500,30.09,28.11,13.52
261,12/18/06,00:00,94.95,96.16,94.80,95.44,7984900,30.7,27.98,12.39
262,12/19/06,00:00,95.10,96.39,94.91,96.00,4933200,31.42,26.86,11.28
263,12/20/06,00:00,96.10,96.50,95.70,96.00,3713200,32.17,26.22,10.73
264,12/21/06,00:00,95.78,96.50,95.53,95.91,4406200,32.57,24.63,11.14
265,12/22/06,00:00,95.75,95.98,95.24,95.25,3031500,32.42,23.46,12.47
266,12/26/06,00:00,95.00,95.81,94.92,95.66,2278700,31.75,22.1,13.83
267,12/27/06,00:00,96.30,97.23,96.27,97.20,4571800,32.32,28.87,12.46
268,12/28/06,00:00,97.11,97.40,96.87,96.97,4501900,32.96,28.98,12.02
269,12/29/06,00:00,97.00,97.88,96.83,97.15,4455900,33.88,30.14,11.19
270,01/03/07,00:00,97.18,98.40,96.26,97.27,9199500,33.81,26.17,13.22
271,01/04/07,00:00,97.25,98.79,96.88,98.31,10557200,34.03,25.52,11.74
272,01/05/07,00:00,97.60,97.95,96.91,97.42,7222300,34.25,23.45,10.78
273,01/08/07,00:00,98.50,99.50,98.35,98.90,10340000,35.43,29.33,9.54
274,01/09/07,00:00,99.08,100.33,99.07,100.07,11108900,36.94,31.59,8.79
275,01/10/07,00:00,98.50,99.05,97.93,98.89,8744800,36.73,28.04,13.79
276,01/11/07,00:00,99.00,99.90,98.50,98.65,8000800,37.02,30.43,12.78
277,01/12/07,00:00,98.99,99.69,98.50,99.34,6636500,37.3,28.52,11.97
278,01/16/07,00:00,99.40,100.84,99.30,100.82,9601100,38.14,32.24,11.01
279,01/17/07,00:00,100.69,100.90,99.90,100.02,8201500,38.95,30.84,10.42
280,01/18/07,00:00,99.80,99.95,98.91,99.45,14707100,38.4,28.99,15.15
281,01/19/07,00:00,95.00,96.85,94.55,96.17,26036100,36.85,22.55,31.53
282,01/22/07,00:00,96.42,97.23,96.12,97.11,13540700,35.12,23.15,29.91
283,01/23/07,00:00,96.91,97.38,96.20,97.08,10337400,33.41,22.57,28.25
284,01/24/07,00:00,97.08,97.58,96.58,97.40,5700000,31.67,22.45,26.89
285,01/25/07,00:00,97.22,97.92,97.22,97.51,6231300,29.78,23.36,25.94
286,01/26/07,00:00,97.52,97.83,96.84,97.45,5771100,28.3,22.18,26.58
287,01/29/07,00:00,97.70,98.66,97.45,98.54,7294800,26.3,25.08,24.91
288,01/30/07,00:00,98.57,99.45,98.50,99.37,7178000,25.02,28.008,23.66
289,01/31/07,00:00,98.80,99.48,98.35,99.15,6446400,23.71,26.31,23.03
290,02/01/07,00:00,98.97,99.18,97.96,99.00,6612400,22.16,24.58,23.62
291,02/02/07,00:00,99.10,99.73,98.88,99.17,6657000,21.15,26.47,22.51
292,02/05/07,00:00,99.17,100.44,98.90,100.38,8184800,20.74,28.11,20.62
293,02/06/07,00:00,100.00,100.40,99.54,99.85,6532800,20.36,26.76,19.62
294,02/07/07,00:00,99.80,100.36,99.12,99.54,7698200,19.57,24.9,20.61
295,02/08/07,00:00,98.90,99.74,98.65,99.62,6152300,18.39,23.37,22.007
296,02/09/07,00:00,99.52,99.70,97.81,98.55,6101100,17.61,20.95,24.32
297,02/12/07,00:00,98.80,99.20,98.22,98.58,5331043,16.88,19.81,22.99
298,02/13/07,00:00,98.60,98.74,97.80,98.29,5703015,16.57,18.75,24.15
299,02/14/07,00:00,98.50,99.43,98.25,99.20,5644733,15.57,21.42,22.53
300,02/15/07,00:00,99.06,99.52,98.48,98.92,5568600,14.55,20.66,21.17
301,02/16/07,00:00,99.12,99.25,98.63,98.99,4800700,13.59,19.89,20.39
302,02/20/07,00:00,98.66,99.46,98.55,99.35,4124200,12.77,20.07,19.26
303,02/21/07,00:00,98.90,99.37,98.70,99.09,4302400,12.008,19.22,18.45
304,02/22/07,00:00,98.80,99.50,97.77,98.50,5900300,12.04,17.21,22.15
305,02/23/07,00:00,98.40,98.44,97.41,97.73,6355900,12.43,16.07,22.87
306,02/26/07,00:00,97.86,97.86,96.46,96.91,5914591,13.6,14.71,26.65
307,02/27/07,00:00,96.00,96.01,92.88,93.96,11915200,16.51,11.67,39.5
308,02/28/07,00:00,93.71,94.09,92.47,92.94,11606300,19.36,10.71,38.34
309,03/01/07,00:00,90.25,93.05,88.77,92.27,12865732,22.9,8.68,47.45
310,03/02/07,00:00,92.00,92.37,90.84,90.90,9451300,26.2,8.09,44.22
311,03/05/07,00:00,90.25,92.15,90.10,91.81,10315713,29.4,7.37,43.5
312,03/06/07,00:00,92.40,93.89,92.26,93.80,9184400,30.68,14.15,39.63
313,03/07/07,00:00,93.97,94.85,93.62,93.94,10132800,31.08,17.58,37.51
314,03/08/07,00:00,94.50,94.82,92.52,93.00,7403900,31.83,15.86,38.51
315,03/09/07,00:00,93.48,94.00,92.82,93.28,6235500,32.53,15.05,36.55
316,03/12/07,00:00,93.29,94.17,92.97,94.11,5531300,33.03,15.009,34.61
317,03/13/07,00:00,93.86,94.47,92.62,92.71,7537800,33.63,13.79,33.34
318,03/14/07,00:00,92.65,94.03,92.10,93.76,8714065,34.4,12.64,32.81
319,03/15/07,00:00,93.40,93.97,93.10,93.45,5908249,35.11,12.15,31.53
320,03/16/07,00:00,94.45,94.45,93.02,93.25,8731750,35.25,13.53,29.5
321,03/19/07,00:00,93.95,94.32,93.39,93.99,4402262,35.38,12.86,28.05
322,03/20/07,00:00,94.00,94.53,93.55,94.50,4559800,35.26,13.26,26.75
323,03/21/07,00:00,94.50,95.81,93.83,95.36,7644995,33.82,17.97,24.3
324,03/22/07,00:00,95.10,95.44,94.65,95.19,5993550,32.47,17.29,23.38
325,03/23/07,00:00,94.82,95.22,94.65,95.03,4412483,31.22,16.79,22.71
326,03/26/07,00:00,95.00,95.25,94.32,95.00,6729345,30.32,15.99,23.32
327,03/27/07,00:00,94.71,95.03,94.20,94.73,4581400,29.58,15.29,22.93
328,03/28/07,00:00,93.90,95.02,93.80,94.26,8000157,29.22,14.29,23.57
329,03/29/07,00:00,94.66,95.11,93.96,94.57,6851600,28.76,13.89,22.11
330,03/30/07,00:00,94.24,94.75,93.57,94.26,7193150,28.66,13.004,22.81
331,04/02/07,00:00,94.51,95.50,94.06,95.21,5882800,27.58,16.03,21.04
332,04/03/07,00:00,95.45,96.23,95.33,96.10,5730800,25.74,19.14,19.86
333,04/04/07,00:00,95.80,96.45,95.57,96.21,4277725,24.01,19.43,18.88
334,04/05/07,00:00,95.98,96.75,95.75,96.52,3307100,22.71,20.03,17.8
335,04/09/07,00:00,96.43,96.94,96.12,96.62,4850581,21.71,20.18,16.95
336,04/10/07,00:00,96.40,96.80,96.16,96.46,3594900,20.78,19.4,16.3
337,04/11/07,00:00,96.51,96.70,94.95,95.16,5940774,20.08,17.42,21.73
338,04/12/07,00:00,95.03,95.82,94.53,95.67,7085294,19.84,16.11,22.55
339,04/13/07,00:00,95.75,95.75,94.59,94.93,6024883,19.61,15.01,21.02
340,04/16/07,00:00,94.99,96.30,94.72,96.18,6657100,18.67,16.81,19.11
341,04/17/07,00:00,96.30,97.66,96.02,97.12,10270033,18.31,22.88,17.36
342,04/18/07,00:00,94.80,95.91,94.40,94.80,15871634,17.61,19.65,23.31
343,04/19/07,00:00,94.50,94.87,94.00,94.29,9446748,17.28,18.74,24.36
344,04/20/07,00:00,95.02,95.15,93.91,94.58,8982896,16.69,19.004,22.74
345,04/23/07,00:00,95.16,95.73,95.05,95.21,6934200,15.56,20.95,21.33
346,04/24/07,00:00,97.23,99.90,97.23,98.49,21094878,17.01,35.53,16.75
347,04/25/07,00:00,98.74,101.70,98.73,101.46,14827375,19.03,38.33,14.46
348,04/26/07,00:00,101.00,101.50,100.21,100.90,8613988,20.89,36.19,13.66
349,04/27/07,00:00,100.30,101.17,100.06,101.17,6141359,22.49,34.41,13.65
350,04/30/07,00:00,101.11,103.00,100.97,102.21,10050599,24.59,39.33,12.44
351,05/01/07,00:00,102.06,103.17,102.05,103.17,8670046,26.59,38.13,11.82
352,05/02/07,00:00,102.80,103.14,102.13,102.22,6915778,28.45,36.32,11.26
353,05/03/07,00:00,101.75,103.00,101.35,102.80,7318250,29.37,33.59,13.96
354,05/04/07,00:00,102.75,103.03,102.25,102.96,5462234,30.23,32.5,13.45
355,05/07/07,00:00,102.76,103.17,102.40,103.16,5620178,31.1,31.96,12.94
356,05/08/07,00:00,102.42,103.39,102.21,103.29,5969600,32.008,31.18,12.19
357,05/09/07,00:00,103.93,104.75,103.70,104.38,8394686,33.42,35.66,11.3
358,05/10/07,00:00,103.82,105.11,103.71,104.68,8959100,34.87,34.97,10.52
359,05/11/07,00:00,104.69,105.99,104.67,105.98,6026050,36.53,37.06,9.83
360,05/14/07,00:00,105.81,106.25,104.79,105.57,5732200,38.15,35.66,9.11
361,05/15/07,00:00,105.40,105.80,104.70,104.83,6104300,39.54,33.67,9.06
362,05/16/07,00:00,105.10,105.89,104.53,105.87,5613508,40.59,31.34,9.3
363,05/17/07,00:00,105.61,106.23,104.73,105.31,7720700,41.71,30.68,8.59
364,05/18/07,00:00,105.84,108.05,105.60,107.99,9855300,43.38,35.32,7.47
365,05/21/07,00:00,107.67,108.00,106.87,107.04,7534302,44.92,33.4,7.07
366,05/22/07,00:00,106.95,107.25,106.01,106.70,5314320,45.19,31.38,10.84
367,05/23/07,00:00,106.80,107.00,105.25,105.58,4396325,44.52,28.73,13.58
368,05/24/07,00:00,105.45,105.98,103.57,103.95,6920700,42.24,25.54,19.82
369,05/25/07,00:00,103.90,105.43,103.85,105.18,6119900,40.12,23.68,18.37
370,05/29/07,00:00,105.57,106.63,105.30,105.91,5420100,38.93,27.64,17.14
371,05/30/07,00:00,105.40,107.10,105.21,106.93,7395200,38.1,27.4,15.67
372,05/31/07,00:00,107.26,107.67,106.00,106.60,5106100,37.64,27.91,14.48
373,06/01/07,00:00,106.62,107.24,106.02,106.54,5287190,37.21,26.34,13.67
374,06/04/07,00:00,106.50,106.59,105.58,106.23,4572270,36.33,25.09,15.09
375,06/05/07,00:00,106.55,106.55,105.54,105.84,5247000,35.46,23.86,14.55
376,06/06/07,00:00,105.50,105.51,102.39,102.41,30773876,33.86,20.23,26.24
377,06/07/07,00:00,102.46,103.17,101.56,101.80,14361521,32.85,18.79,28.04
378,06/08/07,00:00,101.80,103.21,101.75,103.07,8222600,31.88,17.74,26.22
379,06/11/07,00:00,102.87,104.00,102.50,103.22,7903004,30.3,20.08,24.46
380,06/12/07,00:00,103.11,103.18,102.15,102.34,5577830,29.07,19.1,24.87
381,06/13/07,00:00,102.85,103.26,102.10,103.12,6437038,27.86,18.44,23.52
382,06/14/07,00:00,103.10,104.24,102.81,103.85,5164000,25.9,21.8,21.94
383,06/15/07,00:00,104.22,105.19,103.88,105.09,9432208,24.73,24.91,20.55
384,06/18/07,00:00,105.27,105.65,104.89,105.33,6370224,23.96,26.23,19.79
385,06/19/07,00:00,104.93,106.66,104.90,106.50,5768200,23.89,28.88,18.11
386,06/20/07,00:00,106.50,107.02,105.95,106.00,6542010,24.03,29.13,17.15
387,06/21/07,00:00,105.77,107.00,105.61,106.60,5577600,23.82,27.13,17.65
388,06/22/07,00:00,105.96,106.44,104.44,104.44,10817900,22.58,24.33,21.42
389,06/25/07,00:00,104.73,105.77,104.50,105.10,8477800,21.42,22.77,20.05
390,06/26/07,00:00,105.10,106.06,104.82,105.33,5222500,20.57,22.81,18.84
391,06/27/07,00:00,104.75,105.47,104.40,105.43,5398200,19.39,21.6,19.92
392,06/28/07,00:00,105.52,106.92,105.22,105.95,5401200,19.37,26.91,18.26
393,06/29/07,00:00,105.96,106.58,104.10,105.25,6999955,18.37,23.79,21.37
394,07/02/07,00:00,105.39,105.80,104.58,105.01,4702454,17.44,22.42,20.14
395,07/03/07,00:00,105.50,107.08,105.24,106.58,4216900,17.47,26.18,18.21
396,07/05/07,00:00,106.31,108.39,105.98,108.05,6670900,18.26,29.19,16.27
397,07/06/07,00:00,107.79,109.66,107.66,109.03,8973638,19.58,32.18,14.85
398,07/09/07,00:00,108.73,109.35,108.20,108.97,6046268,20.82,30.53,14.09
399,07/10/07,00:00,108.55,109.15,108.25,108.63,6209300,21.96,29.27,13.5
400,07/11/07,00:00,108.30,109.60,108.25,109.10,5855100,23.25,29.52,12.66
401,07/12/07,00:00,109.35,109.65,108.22,109.28,9538993,24.47,27.79,11.81
402,07/13/07,00:00,108.75,109.20,108.10,108.60,7108967,25.45,26.23,11.72
403,07/16/07,00:00,108.57,110.04,108.42,109.66,8865396,26.81,28.19,10.82
404,07/17/07,00:00,109.66,111.47,109.45,110.77,7593429,28.7,32.15,9.82
405,07/18/07,00:00,110.25,111.88,110.04,111.08,10144729,30.6,31.33,8.99
406,07/19/07,00:00,115.00,116.48,114.65,115.86,17273809,33.51,42.59,7.11
407,07/20/07,00:00,114.85,115.86,113.94,114.81,11699800,35.53,39.43,9.33
408,07/23/07,00:00,114.88,116.43,114.85,116.38,8043000,37.53,39.16,8.74
409,07/24/07,00:00,115.32,117.00,115.02,116.17,10466891,39.51,38.37,8.07
410,07/25/07,00:00,116.19,118.38,115.24,118.10,11342218,41.62,39.01,7.13
411,07/26/07,00:00,117.01,118.82,115.52,116.53,16829853,43.66,36.04,6.3
412,07/27/07,00:00,116.62,117.95,115.62,115.62,18042835,45.56,33.12,5.79
413,07/30/07,00:00,115.00,115.75,113.52,114.52,15096204,45.27,30.57,12.6
414,07/31/07,00:00,114.72,114.72,110.02,110.65,17676754,42.67,26.02,21.81
415,08/01/07,00:00,110.39,112.73,110.06,112.04,12359745,40.25,23.84,19.99
416,08/02/07,00:00,112.10,114.05,111.50,113.23,11241057,38.6,26.05,18.41
417,08/03/07,00:00,113.24,114.18,111.70,111.89,9432345,37.13,24.46,17.005
418,08/06/07,00:00,111.97,113.89,111.70,113.89,7186595,35.76,22.8,15.85
419,08/07/07,00:00,113.02,114.17,112.25,113.53,7911521,34.63,22.31,14.89
420,08/08/07,00:00,114.30,114.60,112.26,112.98,7602519,33.79,22.02,13.8
421,08/09/07,00:00,110.77,114.49,110.73,110.73,9085985,31.91,19.54,16.83
422,08/10/07,00:00,109.75,113.50,109.70,112.64,9549942,29.74,17.41,17.95
423,08/13/07,00:00,112.99,113.95,112.31,112.71,6135500,27.78,17.9,17.08
424,08/14/07,00:00,112.83,113.15,111.74,112.05,5615443,25.99,17.13,18.08
425,08/15/07,00:00,111.00,112.85,109.91,111.23,11640123,25.33,15.63,21.94
426,08/16/07,00:00,110.98,111.42,106.58,109.69,16722998,26.04,13.53,28.24
427,08/17/07,00:00,111.87,112.67,108.66,110.90,15276358,25.9,15.42,25.22
428,08/20/07,00:00,110.90,111.10,109.13,109.22,9840312,25.77,14.59,23.86
429,08/21/07,00:00,108.90,110.11,108.08,109.04,8458500,26.05,13.77,25.43
430,08/22/07,00:00,110.09,110.50,109.15,110.00,6330200,26.05,14.31,24.37
431,08/23/07,00:00,110.40,111.68,110.01,111.45,8271000,25.27,17.06,23.17
432,08/24/07,00:00,111.45,113.25,110.81,113.24,7058400,23.65,20.43,21.52
433,08/27/07,00:00,113.00,113.85,112.80,113.44,4921802,22.09,21.6,20.83
434,08/28/07,00:00,112.90,113.59,111.63,112.00,6006567,20.99,20.3,23.18
435,08/29/07,00:00,112.88,114.98,112.07,114.57,7050000,19.75,22.67,21.09
436,08/30/07,00:00,113.62,116.00,113.62,115.37,7756100,19.08,24.12,19.57
437,08/31/07,00:00,115.99,117.35,115.55,116.69,6884700,19.04,26.79,18.39
438,09/04/07,00:00,116.34,118.89,116.15,118.19,8071653,19.6,29.22,16.87
439,09/05/07,00:00,117.48,118.15,116.55,117.88,6555500,20.11,27.74,16.01
440,09/06/07,00:00,117.92,118.75,116.24,117.62,6778614,20.81,27.44,14.78
441,09/07/07,00:00,116.20,116.97,115.33,115.55,7511650,20.85,25.51,16.54
442,09/10/07,00:00,116.15,117.50,115.32,115.80,6120600,21.11,25.43,15.42
443,09/11/07,00:00,116.35,117.78,116.04,117.35,8098700,21.47,24.74,14.47
444,09/12/07,00:00,116.95,117.40,115.69,116.00,6289215,21.55,23.39,14.8
445,09/13/07,00:00,116.30,117.00,115.74,115.95,4802629,21.61,22.43,14.18
446,09/14/07,00:00,115.05,116.00,114.65,115.13,6904373,20.85,21.41,17.21
447,09/17/07,00:00,114.70,115.25,114.30,114.52,5022334,19.88,20.69,17.87
448,09/18/07,00:00,115.00,116.78,114.83,116.63,7839600,19.85,24.39,16.46
449,09/19/07,00:00,116.90,117.19,115.78,116.67,10311134,20.02,24.62,15.63
450,09/20/07,00:00,116.27,117.65,116.20,116.86,5807863,20.42,25.002,14.81
451,09/21/07,00:00,117.89,118.10,116.35,116.78,9097300,21.01,25.04,13.86
452,09/24/07,00:00,116.90,117.43,115.85,116.25,5734283,21.12,23.57,14.9
453,09/25/07,00:00,116.02,117.59,115.79,116.51,7045116,21.31,22.59,13.9
454,09/26/07,00:00,116.94,118.08,116.75,117.30,6695400,21.77,23.1,13.08
455,09/27/07,00:00,117.50,118.21,117.04,117.71,5836600,22.26,22.55,12.48
456,09/28/07,00:00,117.14,118.50,117.10,117.80,7720200,22.9,22.45,11.79
457,10/01/07,00:00,117.61,119.50,117.50,119.03,6777100,24.03,24.61,10.87
458,10/02/07,00:00,119.31,119.60,118.14,118.36,6911987,25.13,23.58,10.24
459,10/03/07,00:00,117.65,117.84,116.28,116.40,7914771,24.25,21.65,16.71
460,10/04/07,00:00,116.20,116.75,115.00,115.69,6177281,22.6,20.16,20.61
461,10/05/07,00:00,116.17,116.71,115.47,116.30,5748727,21.06,19.15,19.58
462,10/08/07,00:00,116.10,118.23,115.88,117.77,4823300,20.53,23.37,17.76
463,10/09/07,00:00,117.85,118.50,116.42,118.30,5670591,20.2,22.52,16.32
464,10/10/07,00:00,118.00,118.80,117.68,118.62,5913800,20.09,22.71,15.59
465,10/11/07,00:00,118.99,121.46,117.37,118.05,13018800,21.32,29.07,13.25
466,10/12/07,00:00,118.50,118.89,117.28,117.81,5656196,22.39,27.33,12.79
467,10/15/07,00:00,117.95,118.37,116.75,118.03,6270599,22.89,25.66,14.005
468,10/16/07,00:00,118.02,119.94,117.50,119.60,11520400,24.05,29.14,12.74
469,10/17/07,00:00,118.01,118.01,114.15,115.78,18100300,22.73,23.96,21.4
470,10/18/07,00:00,114.82,116.41,114.44,114.80,7736810,21.51,22.41,20.02
471,10/19/07,00:00,113.98,114.93,111.80,112.28,10327810,20.93,20.17,26.43
472,10/22/07,00:00,110.97,113.88,110.96,113.37,7576595,20.76,18.33,26.65
473,10/23/07,00:00,113.78,114.80,113.50,114.68,5563100,20.05,20.44,25.42
474,10/24/07,00:00,114.20,114.45,111.68,112.95,8070400,20.16,18.52,28.73
475,10/25/07,00:00,113.32,114.40,111.69,112.81,6519830,20.26,16.97,26.33
476,10/26/07,00:00,113.00,114.00,112.07,113.73,5030200,20.36,15.95,24.74
477,10/29/07,00:00,113.90,115.01,113.85,114.80,5103300,19.78,18.55,23.72
478,10/30/07,00:00,114.50,114.90,113.75,114.12,4015700,19.29,17.84,23.14
479,10/31/07,00:00,114.75,116.25,113.28,116.12,7216155,17.98,20.5,20.91
480,11/01/07,00:00,115.50,116.09,113.32,113.65,7594202,16.76,18.67,19.04
481,11/02/07,00:00,114.42,115.15,113.57,114.59,6114900,15.64,17.71,18.06
482,11/05/07,00:00,115.11,115.11,112.83,113.40,7150307,15.07,16.4,19.13
483,11/06/07,00:00,113.49,113.95,111.67,113.17,7299701,15.21,15.19,21.47
484,11/07/07,00:00,113.56,113.64,110.90,111.08,7087884,15.75,13.86,22.05
485,11/08/07,00:00,110.10,110.32,103.99,106.11,23092468,18.45,11.15,36.79
486,11/09/07,00:00,104.92,104.92,99.27,100.25,18084052,21.7,9.27,42.23
487,11/12/07,00:00,101.89,104.19,100.70,101.45,13553459,24.72,8.39,38.23
488,11/13/07,00:00,102.73,105.74,102.50,105.27,10777861,26.6,11.17,34.4
489,11/14/07,00:00,106.12,106.42,102.84,103.44,8478878,27.95,11.81,31.57
490,11/15/07,00:00,103.24,105.64,103.05,103.60,8380171,29.21,11.1,29.66
491,11/16/07,00:00,104.51,105.00,103.25,104.79,9292334,30.37,10.63,28.41
492,11/19/07,00:00,104.34,105.39,101.34,102.22,9504656,31.89,9.62,30.19
493,11/20/07,00:00,102.59,104.97,101.38,103.42,8390539,33.3,8.82,27.68
494,11/21/07,00:00,101.41,104.09,101.41,102.22,7092231,34.61,8.27,25.95
495,11/23/07,00:00,103.10,104.14,102.32,104.05,2827467,35.79,8.01,24.75
496,11/26/07,00:00,104.26,105.15,101.72,101.97,7339766,36.09,9.75,22.73
497,11/27/07,00:00,102.70,104.58,101.50,103.83,9112909,36.44,9.04,21.59
498,11/28/07,00:00,104.82,108.27,104.36,107.37,9396327,34.39,16.58,19.4
499,11/29/07,00:00,107.24,107.87,106.25,107.50,7813602,32.49,15.94,18.65
500,11/30/07,00:00,108.57,109.19,103.93,105.18,12899675,31.69,14.05,21.67
